taxon,level,novelty_factor,color_category,lineage
Desulfofarcimen,genus,249.0,dark_blue,cellular organisms[cellular root] > Bacteria[domain] > Bacillati[kingdom] > Bacillota[phylum] > Clostridia[class] > Eubacteriales[order] > Peptococcaceae[family] > Desulfofarcimen[genus]
Pajaroellobacter,genus,195.0,dark_blue,cellular organisms[cellular root] > Bacteria[domain] > Pseudomonadati[kingdom] > Myxococcota[phylum] > Polyangia[subclass] > Polyangiales[order] > Polyangiaceae[family] > Pajaroellobacter[genus]
Haliangium,genus,187.0,dark_blue,cellular organisms[cellular root] > Bacteria[domain] > Pseudomonadati[kingdom] > Myxococcota[phylum] > Polyangia[subclass] > Haliangiales[order] > Kofleriaceae[family] > Haliangium[genus]
Thermoanaerobaculaceae,family,177.0,dark_blue,cellular organisms[cellular root] > Bacteria[domain] > Pseudomonadati[kingdom] > Acidobacteriota[phylum] > Thermoanaerobaculia[class] > Thermoanaerobaculales[order] > Thermoanaerobaculaceae[family]
Thioalkalispiraceae,family,156.0,dark_blue,cellular organisms[cellular root] > Bacteria[domain] > Pseudomonadati[kingdom] > Pseudomonadota[phylum] > Gammaproteobacteria[class] > Chromatiales[order] > Thioalkalispiraceae[family]
Blastocatellaceae,family,143.333,dark_blue,cellular organisms[cellular root] > Bacteria[domain] > Pseudomonadati[kingdom] > Acidobacteriota[phylum] > Blastocatellia[class] > Blastocatellales[order] > Blastocatellaceae[family]
Aquicella,genus,130.5,dark_blue,cellular organisms[cellular root] > Bacteria[domain] > Pseudomonadati[kingdom] > Pseudomonadota[phylum] > Gammaproteobacteria[class] > Legionellales[order] > Coxiellaceae[family] > Aquicella[genus]
Bryobacter,genus,130.0,dark_blue,cellular organisms[cellular root] > Bacteria[domain] > Pseudomonadati[kingdom] > Acidobacteriota[phylum] > Terriglobia[class] > Bryobacterales[order] > Bryobacteraceae[family] > Bryobacter[genus]
Kofleriaceae,family,124.833,dark_blue,cellular organisms[cellular root] > Bacteria[domain] > Pseudomonadati[kingdom] > Myxococcota[phylum] > Polyangia[subclass] > Haliangiales[order] > Kofleriaceae[family]
Desulfatiglans,genus,123.667,dark_blue,cellular organisms[cellular root] > Bacteria[domain] > Pseudomonadati[kingdom] > Thermodesulfobacteriota[phylum] > Desulfobacteria[class] > Desulfatiglandales[order] > Desulfatiglandaceae[family] > Desulfatiglans[genus]
Nanoarchaeota,phylum,117.704,dark_blue,cellular organisms[cellular root] > Archaea[domain] > Nanobdellati[kingdom] > Nanobdellota[phylum]
Monoglobus,genus,115.0,dark_blue,cellular organisms[cellular root] > Bacteria[domain] > Bacillati[kingdom] > Bacillota[phylum] > Clostridia[class] > Monoglobales[order] > Monoglobaceae[family] > Monoglobus[genus]
Pyrinomonadaceae,family,109.833,dark_blue,cellular organisms[cellular root] > Bacteria[domain] > Pseudomonadati[kingdom] > Acidobacteriota[phylum] > Blastocatellia[class] > Blastocatellales[order] > Pyrinomonadaceae[family]
Pirellula,genus,104.5,dark_blue,cellular organisms[cellular root] > Bacteria[domain] > Pseudomonadati[kingdom] > PVC group[clade] > Planctomycetota[phylum] > Planctomycetia[class] > Pirellulales[order] > Pirellulaceae[family] > Pirellula[genus]
Microscillaceae,family,102.833,dark_blue,cellular organisms[cellular root] > Bacteria[domain] > Pseudomonadati[kingdom] > FCB group[clade] > Bacteroidota/Chlorobiota group[clade] > Bacteroidota[phylum] > Cytophagia[class] > Cytophagales[order] > Microscillaceae[family]
Longimicrobiaceae,family,100.333,dark_blue,cellular organisms[cellular root] > Bacteria[domain] > Pseudomonadati[kingdom] > FCB group[clade] > Gemmatimonadota[phylum] > Longimicrobiia[class] > Longimicrobiales[order] > Longimicrobiaceae[family]
Chthoniobacteraceae,family,98.875,dark_blue,cellular organisms[cellular root] > Bacteria[domain] > Pseudomonadati[kingdom] > PVC group[clade] > Verrucomicrobiota[phylum] > Spartobacteria[class] > Chthoniobacterales[order] > Chthoniobacteraceae[family]
Salinibacter,genus,92.429,dark_blue,cellular organisms[cellular root] > Bacteria[domain] > Pseudomonadati[kingdom] > FCB group[clade] > Bacteroidota/Chlorobiota group[clade] > Rhodothermota[phylum] > Rhodothermia[class] > Rhodothermales[order] > Salinibacteraceae[family] > Salinibacter[genus]
Vicinamibacteraceae,family,91.5,dark_blue,cellular organisms[cellular root] > Bacteria[domain] > Pseudomonadati[kingdom] > Acidobacteriota[phylum] > Vicinamibacteria[class] > Vicinamibacterales[order] > Vicinamibacteraceae[family]
Blastopirellula,genus,89.857,dark_blue,cellular organisms[cellular root] > Bacteria[domain] > Pseudomonadati[kingdom] > PVC group[clade] > Planctomycetota[phylum] > Planctomycetia[class] > Pirellulales[order] > Pirellulaceae[family] > Blastopirellula[genus]
Abditibacterium,genus,85.667,dark_blue,cellular organisms[cellular root] > Bacteria[domain] > Pseudomonadati[kingdom] > Abditibacteriota[phylum] > Abditibacteriia[class] > Abditibacteriales[order] > Abditibacteriaceae[family] > Abditibacterium[genus]
Peredibacter,genus,85.667,dark_blue,cellular organisms[cellular root] > Bacteria[domain] > Pseudomonadati[kingdom] > Bdellovibrionota[phylum] > Bacteriovoracia[class] > Bacteriovoracales[order] > Bacteriovoracaceae[family] > Peredibacter[genus]
Acidibacter,genus,83.0,dark_blue,cellular organisms[cellular root] > Bacteria[domain] > Pseudomonadati[kingdom] > Pseudomonadota[phylum] > Gammaproteobacteria[class] > Gammaproteobacteria incertae sedis[no rank] > Acidibacter[genus]
Woeseia,genus,82.667,dark_blue,cellular organisms[cellular root] > Bacteria[domain] > Pseudomonadati[kingdom] > Pseudomonadota[phylum] > Gammaproteobacteria[class] > Woeseiales[order] > Woeseiaceae[family] > Woeseia[genus]
Chthoniobacter,genus,82.0,dark_blue,cellular organisms[cellular root] > Bacteria[domain] > Pseudomonadati[kingdom] > PVC group[clade] > Verrucomicrobiota[phylum] > Spartobacteria[class] > Chthoniobacterales[order] > Chthoniobacteraceae[family] > Chthoniobacter[genus]
Colidextribacter,genus,79.0,dark_blue,cellular organisms[cellular root] > Bacteria[domain] > Bacillati[kingdom] > Bacillota[phylum] > Clostridia[class] > Eubacteriales[order] > Eubacteriales incertae sedis[no rank] > Colidextribacter[genus]
Agathobacter,genus,76.75,dark_blue,cellular organisms[cellular root] > Bacteria[domain] > Bacillati[kingdom] > Bacillota[phylum] > Clostridia[class] > Lachnospirales[order] > Lachnospiraceae[family] > Agathobacter[genus]
Acidothermus,genus,76.5,dark_blue,cellular organisms[cellular root] > Bacteria[domain] > Bacillati[kingdom] > Actinomycetota[phylum] > Actinomycetes[class] > Acidothermales[order] > Acidothermaceae[family] > Acidothermus[genus]
Faecalibaculum,genus,75.5,dark_blue,cellular organisms[cellular root] > Bacteria[domain] > Bacillati[kingdom] > Bacillota[phylum] > Erysipelotrichia[class] > Erysipelotrichales[order] > Erysipelotrichaceae[family] > Faecalibaculum[genus]
Oligoflexaceae,family,74.75,dark_blue,cellular organisms[cellular root] > Bacteria[domain] > Pseudomonadati[kingdom] > Bdellovibrionota[phylum] > Oligoflexia[class] > Oligoflexales[order] > Oligoflexaceae[family]
Williamwhitmaniaceae,family,74.5,dark_blue,cellular organisms[cellular root] > Bacteria[domain] > Pseudomonadati[kingdom] > FCB group[clade] > Bacteroidota/Chlorobiota group[clade] > Bacteroidota[phylum] > Bacteroidia[class] > Bacteroidales[order] > Williamwhitmaniaceae[family]
Rhodothermaceae,family,73.417,dark_blue,cellular organisms[cellular root] > Bacteria[domain] > Pseudomonadati[kingdom] > FCB group[clade] > Bacteroidota/Chlorobiota group[clade] > Rhodothermota[phylum] > Rhodothermia[class] > Rhodothermales[order] > Rhodothermaceae[family]
Gemmatimonadaceae,family,67.909,dark_blue,cellular organisms[cellular root] > Bacteria[domain] > Pseudomonadati[kingdom] > FCB group[clade] > Gemmatimonadota[phylum] > Gemmatimonadia[class] > Gemmatimonadales[order] > Gemmatimonadaceae[family]
Longilinea,genus,67.333,dark_blue,cellular organisms[cellular root] > Bacteria[domain] > Bacillati[kingdom] > Chloroflexota[phylum] > Anaerolineae[class] > Anaerolineales[order] > Anaerolineaceae[family] > Longilinea[genus]
Lentimicrobiaceae,family,66.857,dark_blue,cellular organisms[cellular root] > Bacteria[domain] > Pseudomonadati[kingdom] > FCB group[clade] > Bacteroidota/Chlorobiota group[clade] > Bacteroidota[phylum] > Bacteroidia[class] > Bacteroidales[order] > Lentimicrobiaceae[family]
Calditrichaceae,family,66.5,dark_blue,cellular organisms[cellular root] > Bacteria[domain] > Pseudomonadati[kingdom] > Calditrichota[phylum] > Calditrichia[class] > Calditrichales[order] > Calditrichaceae[family]
Phycisphaeraceae,family,66.211,dark_blue,cellular organisms[cellular root] > Bacteria[domain] > Pseudomonadati[kingdom] > PVC group[clade] > Planctomycetota[phylum] > Phycisphaerae[class] > Phycisphaerales[order] > Phycisphaeraceae[family]
Spirochaeta,genus,65.917,dark_blue,cellular organisms[cellular root] > Bacteria[domain] > Pseudomonadati[kingdom] > Spirochaetota[phylum] > Spirochaetia[class] > Spirochaetales[order] > Spirochaetaceae[family] > Spirochaeta[genus]
Puniceicoccus,genus,65.0,dark_blue,cellular organisms[cellular root] > Bacteria[domain] > Pseudomonadati[kingdom] > PVC group[clade] > Verrucomicrobiota[phylum] > Opitutia[class] > Puniceicoccales[order] > Puniceicoccaceae[family] > Puniceicoccus[genus]
Bryobacteraceae,family,65.0,dark_blue,cellular organisms[cellular root] > Bacteria[domain] > Pseudomonadati[kingdom] > Acidobacteriota[phylum] > Terriglobia[class] > Bryobacterales[order] > Bryobacteraceae[family]
Hydrogenispora,genus,63.5,dark_blue,cellular organisms[cellular root] > Bacteria[domain] > Bacillati[kingdom] > Bacillota[phylum] > Bacillota sensu stricto incertae sedis[no rank] > Hydrogenispora[genus]
Saccharofermentans,genus,63.0,dark_blue,cellular organisms[cellular root] > Bacteria[domain] > Bacillati[kingdom] > Bacillota[phylum] > Clostridia[class] > Eubacteriales[order] > Oscillospiraceae[family] > Saccharofermentans[genus]
Fimbriimonadaceae,family,62.2,dark_blue,cellular organisms[cellular root] > Bacteria[domain] > Bacillati[kingdom] > Armatimonadota[phylum] > Fimbriimonadia[class] > Fimbriimonadales[order] > Fimbriimonadaceae[family]
Lacunisphaera,genus,61.0,dark_blue,cellular organisms[cellular root] > Bacteria[domain] > Pseudomonadati[kingdom] > PVC group[clade] > Verrucomicrobiota[phylum] > Opitutia[class] > Opitutales[order] > Opitutaceae[family] > Lacunisphaera[genus]
Acetitomaculum,genus,60.5,dark_blue,cellular organisms[cellular root] > Bacteria[domain] > Bacillati[kingdom] > Bacillota[phylum] > Clostridia[class] > Lachnospirales[order] > Lachnospiraceae[family] > Acetitomaculum[genus]
Sandaracinaceae,family,60.0,dark_blue,cellular organisms[cellular root] > Bacteria[domain] > Pseudomonadati[kingdom] > Myxococcota[phylum] > Polyangia[subclass] > Polyangiales[order] > Sandaracinaceae[family]
Gemmataceae,family,55.654,dark_blue,cellular organisms[cellular root] > Bacteria[domain] > Pseudomonadati[kingdom] > PVC group[clade] > Planctomycetota[phylum] > Planctomycetia[class] > Gemmatales[order] > Gemmataceae[family]
Ktedonobacteraceae,family,53.733,dark_blue,cellular organisms[cellular root] > Bacteria[domain] > Bacillati[kingdom] > Chloroflexota[phylum] > Ktedonobacteria[class] > Ktedonobacterales[order] > Ktedonobacteraceae[family]
Fonticella,genus,52.0,dark_blue,cellular organisms[cellular root] > Bacteria[domain] > Bacillati[kingdom] > Bacillota[phylum] > Clostridia[class] > Eubacteriales[order] > Clostridiaceae[family] > Fonticella[genus]
Marvinbryantia,genus,51.333,dark_blue,cellular organisms[cellular root] > Bacteria[domain] > Bacillati[kingdom] > Bacillota[phylum] > Clostridia[class] > Lachnospirales[order] > Lachnospiraceae[family] > Marvinbryantia[genus]
Pseudahrensia,genus,51.0,dark_blue,cellular organisms[cellular root] > Bacteria[domain] > Pseudomonadati[kingdom] > Pseudomonadota[phylum] > Alphaproteobacteria[class] > Hyphomicrobiales[order] > Ahrensiaceae[family] > Pseudahrensia[genus]
Moryella,genus,49.0,dark_blue,cellular organisms[cellular root] > Bacteria[domain] > Bacillati[kingdom] > Bacillota[phylum] > Clostridia[class] > Lachnospirales[order] > Lachnospiraceae[family] > Moryella[genus]
Fastidiosipila,genus,48.667,dark_blue,cellular organisms[cellular root] > Bacteria[domain] > Bacillati[kingdom] > Bacillota[phylum] > Clostridia[class] > Eubacteriales[order] > Oscillospiraceae[family] > Fastidiosipila[genus]
Anaerovorax,genus,48.5,dark_blue,cellular organisms[cellular root] > Bacteria[domain] > Bacillati[kingdom] > Bacillota[phylum] > Clostridia[class] > Peptostreptococcales[order] > Anaerovoracaceae[family] > Anaerovorax[genus]
Deferrisomataceae,family,48.0,dark_blue,cellular organisms[cellular root] > Bacteria[domain] > Pseudomonadati[kingdom] > Thermodesulfobacteriota[phylum] > Deferrisomatia[class] > Deferrisomatales[order] > Deferrisomataceae[family]
Deferrisoma,genus,48.0,dark_blue,cellular organisms[cellular root] > Bacteria[domain] > Pseudomonadati[kingdom] > Thermodesulfobacteriota[phylum] > Deferrisomatia[class] > Deferrisomatales[order] > Deferrisomataceae[family] > Deferrisoma[genus]
Truepera,genus,47.25,dark_blue,cellular organisms[cellular root] > Bacteria[domain] > Thermotogati[kingdom] > Deinococcota[phylum] > Deinococci[class] > Trueperales[order] > Trueperaceae[family] > Truepera[genus]
Sporichthyaceae,family,47.167,dark_blue,cellular organisms[cellular root] > Bacteria[domain] > Bacillati[kingdom] > Actinomycetota[phylum] > Actinomycetes[class] > Sporichthyales[order] > Sporichthyaceae[family]
Gaiella,genus,46.5,dark_blue,cellular organisms[cellular root] > Bacteria[domain] > Bacillati[kingdom] > Actinomycetota[phylum] > Thermoleophilia[class] > Gaiellales[order] > Gaiellaceae[family] > Gaiella[genus]
Sediminispirochaeta,genus,45.25,dark_blue,cellular organisms[cellular root] > Bacteria[domain] > Pseudomonadati[kingdom] > Spirochaetota[phylum] > Spirochaetia[class] > Spirochaetales[order] > Spirochaetaceae[family] > Sediminispirochaeta[genus]
Schleiferia,genus,45.0,dark_blue,cellular organisms[cellular root] > Bacteria[domain] > Pseudomonadati[kingdom] > FCB group[clade] > Bacteroidota/Chlorobiota group[clade] > Bacteroidota[phylum] > Flavobacteriia[class] > Flavobacteriales[order] > Schleiferiaceae[family] > Schleiferia[genus]
Acanthopleuribacter,genus,45.0,dark_blue,cellular organisms[cellular root] > Bacteria[domain] > Pseudomonadati[kingdom] > Acidobacteriota[phylum] > Holophagae[class] > Acanthopleuribacterales[order] > Acanthopleuribacteraceae[family] > Acanthopleuribacter[genus]
Paludibaculum,genus,43.333,dark_blue,cellular organisms[cellular root] > Bacteria[domain] > Pseudomonadati[kingdom] > Acidobacteriota[phylum] > Terriglobia[class] > Bryobacterales[order] > Bryobacteraceae[family] > Paludibaculum[genus]
Pseudofulvibacter,genus,43.0,dark_blue,cellular organisms[cellular root] > Bacteria[domain] > Pseudomonadati[kingdom] > FCB group[clade] > Bacteroidota/Chlorobiota group[clade] > Bacteroidota[phylum] > Flavobacteriia[class] > Flavobacteriales[order] > Flavobacteriaceae[family] > Pseudofulvibacter[genus]
Ilumatobacteraceae,family,41.833,dark_blue,cellular organisms[cellular root] > Bacteria[domain] > Bacillati[kingdom] > Actinomycetota[phylum] > Acidimicrobiia[class] > Acidimicrobiales[order] > Ilumatobacteraceae[family]
Puniceicoccaceae,family,41.8,dark_blue,cellular organisms[cellular root] > Bacteria[domain] > Pseudomonadati[kingdom] > PVC group[clade] > Verrucomicrobiota[phylum] > Opitutia[class] > Puniceicoccales[order] > Puniceicoccaceae[family]
Dissulfuribacteraceae,family,41.0,dark_blue,cellular organisms[cellular root] > Bacteria[domain] > Pseudomonadati[kingdom] > Thermodesulfobacteriota[phylum] > Dissulfuribacteria[class] > Dissulfuribacterales[order] > Dissulfuribacteraceae[family]
Puia,genus,40.333,dark_blue,cellular organisms[cellular root] > Bacteria[domain] > Pseudomonadati[kingdom] > FCB group[clade] > Bacteroidota/Chlorobiota group[clade] > Bacteroidota[phylum] > Chitinophagia[class] > Chitinophagales[order] > Chitinophagaceae[family] > Puia[genus]
Limibaculum,genus,38.5,dark_blue,cellular organisms[cellular root] > Bacteria[domain] > Pseudomonadati[kingdom] > Pseudomonadota[phylum] > Alphaproteobacteria[class] > Rhodobacterales[order] > Paracoccaceae[family] > Limibaculum[genus]
Acidothermaceae,family,38.25,dark_blue,cellular organisms[cellular root] > Bacteria[domain] > Bacillati[kingdom] > Actinomycetota[phylum] > Actinomycetes[class] > Acidothermales[order] > Acidothermaceae[family]
Lentimicrobium,genus,38.2,dark_blue,cellular organisms[cellular root] > Bacteria[domain] > Pseudomonadati[kingdom] > FCB group[clade] > Bacteroidota/Chlorobiota group[clade] > Bacteroidota[phylum] > Bacteroidia[class] > Bacteroidales[order] > Lentimicrobiaceae[family] > Lentimicrobium[genus]
Sulfurifustis,genus,38.0,dark_blue,cellular organisms[cellular root] > Bacteria[domain] > Pseudomonadati[kingdom] > Pseudomonadota[phylum] > Gammaproteobacteria[class] > Acidiferrobacterales[order] > Acidiferrobacteraceae[family] > Sulfurifustis[genus]
Persicirhabdus,genus,38.0,dark_blue,cellular organisms[cellular root] > Bacteria[domain] > Pseudomonadati[kingdom] > PVC group[clade] > Verrucomicrobiota[phylum] > Verrucomicrobiia[class] > Verrucomicrobiales[order] > Verrucomicrobiaceae[family] > Persicirhabdus[genus]
Terrimicrobium,genus,38.0,dark_blue,cellular organisms[cellular root] > Bacteria[domain] > Pseudomonadati[kingdom] > PVC group[clade] > Verrucomicrobiota[phylum] > Terrimicrobiia[class] > Terrimicrobiales[order] > Terrimicrobiaceae[family] > Terrimicrobium[genus]
Citrifermentans,genus,37.5,dark_blue,cellular organisms[cellular root] > Bacteria[domain] > Pseudomonadati[kingdom] > Thermodesulfobacteriota[phylum] > Desulfuromonadia[class] > Geobacterales[order] > Geobacteraceae[family] > Citrifermentans[genus]
Desulfosarcinaceae,family,37.25,dark_blue,cellular organisms[cellular root] > Bacteria[domain] > Pseudomonadati[kingdom] > Thermodesulfobacteriota[phylum] > Desulfobacteria[class] > Desulfobacterales[order] > Desulfosarcinaceae[family]
Symbiobacteriaceae,family,37.2,dark_blue,cellular organisms[cellular root] > Bacteria[domain] > Bacillati[kingdom] > Bacillota[phylum] > Clostridia[class] > Eubacteriales[order] > Symbiobacteriaceae[family]
Buchnera,genus,37.0,dark_blue,cellular organisms[cellular root] > Eukaryota[domain] > Viridiplantae[kingdom] > Streptophyta[phylum] > Streptophytina[subphylum] > Embryophyta[clade] > Tracheophyta[clade] > Euphyllophyta[clade] > Spermatophyta[clade] > Magnoliopsida[class] > Mesangiospermae[clade] > eudicotyledons[clade] > Gunneridae[clade] > Pentapetalae[clade] > asterids[clade] > lamiids[clade] > Lamiales[order] > Orobanchaceae[family] > Buchnereae[tribe] > Buchnera[genus]
Rhodovastum,genus,37.0,dark_blue,cellular organisms[cellular root] > Bacteria[domain] > Pseudomonadati[kingdom] > Pseudomonadota[phylum] > Alphaproteobacteria[class] > Acetobacterales[order] > Acetobacteraceae[family] > Rhodovastum[genus]
Abditibacteriota,phylum,36.714,dark_blue,cellular organisms[cellular root] > Bacteria[domain] > Pseudomonadati[kingdom] > Abditibacteriota[phylum]
Woeseiaceae,family,36.125,dark_blue,cellular organisms[cellular root] > Bacteria[domain] > Pseudomonadati[kingdom] > Pseudomonadota[phylum] > Gammaproteobacteria[class] > Woeseiales[order] > Woeseiaceae[family]
Subdoligranulum,genus,35.25,dark_blue,cellular organisms[cellular root] > Bacteria[domain] > Bacillati[kingdom] > Bacillota[phylum] > Clostridia[class] > Eubacteriales[order] > Oscillospiraceae[family] > Subdoligranulum[genus]
Limnochordaceae,family,35.0,dark_blue,cellular organisms[cellular root] > Bacteria[domain] > Bacillati[kingdom] > Bacillota[phylum] > Limnochordia[class] > Limnochordales[order] > Limnochordaceae[family]
Calditrichota,phylum,35.0,dark_blue,cellular organisms[cellular root] > Bacteria[domain] > Pseudomonadati[kingdom] > Calditrichota[phylum]
Succiniclasticum,genus,34.0,dark_blue,cellular organisms[cellular root] > Bacteria[domain] > Bacillati[kingdom] > Bacillota[phylum] > Negativicutes[class] > Acidaminococcales[order] > Acidaminococcaceae[family] > Succiniclasticum[genus]
Phaeodactylibacter,genus,34.0,dark_blue,cellular organisms[cellular root] > Bacteria[domain] > Pseudomonadati[kingdom] > FCB group[clade] > Bacteroidota/Chlorobiota group[clade] > Bacteroidota[phylum] > Saprospiria[class] > Saprospirales[order] > Haliscomenobacteraceae[family] > Phaeodactylibacter[genus]
Cutibacterium,genus,33.545,dark_blue,cellular organisms[cellular root] > Bacteria[domain] > Bacillati[kingdom] > Actinomycetota[phylum] > Actinomycetes[class] > Propionibacteriales[order] > Propionibacteriaceae[family] > Cutibacterium[genus]
Gemmatimonas,genus,33.231,dark_blue,cellular organisms[cellular root] > Bacteria[domain] > Pseudomonadati[kingdom] > FCB group[clade] > Gemmatimonadota[phylum] > Gemmatimonadia[class] > Gemmatimonadales[order] > Gemmatimonadaceae[family] > Gemmatimonas[genus]
Tyzzerella,genus,33.111,dark_blue,cellular organisms[cellular root] > Bacteria[domain] > Bacillati[kingdom] > Bacillota[phylum] > Clostridia[class] > Lachnospirales[order] > Lachnospiraceae[family] > Tyzzerella[genus]
Terrimicrobiaceae,family,33.0,dark_blue,cellular organisms[cellular root] > Bacteria[domain] > Pseudomonadati[kingdom] > PVC group[clade] > Verrucomicrobiota[phylum] > Terrimicrobiia[class] > Terrimicrobiales[order] > Terrimicrobiaceae[family]
Desulfovermiculus,genus,32.5,dark_blue,cellular organisms[cellular root] > Bacteria[domain] > Pseudomonadati[kingdom] > Thermodesulfobacteriota[phylum] > Desulfovibrionia[class] > Desulfovibrionales[order] > Desulfohalobiaceae[family] > Desulfovermiculus[genus]
Iamia,genus,32.333,dark_blue,cellular organisms[cellular root] > Bacteria[domain] > Bacillati[kingdom] > Actinomycetota[phylum] > Acidimicrobiia[class] > Acidimicrobiales[order] > Iamiaceae[family] > Iamia[genus]
Micropepsaceae,family,32.2,dark_blue,cellular organisms[cellular root] > Bacteria[domain] > Pseudomonadati[kingdom] > Pseudomonadota[phylum] > Alphaproteobacteria[class] > Micropepsales[order] > Micropepsaceae[family]
Tepidimicrobium,genus,32.0,dark_blue,cellular organisms[cellular root] > Bacteria[domain] > Bacillati[kingdom] > Bacillota[phylum] > Tissierellia[class] > Tissierellales[order] > Tepidimicrobiaceae[family] > Tepidimicrobium[genus]
Solibacteraceae,family,31.923,dark_blue,cellular organisms[cellular root] > Bacteria[domain] > Pseudomonadati[kingdom] > Acidobacteriota[phylum] > Terriglobia[class] > Bryobacterales[order] > Solibacteraceae[family]
Trueperaceae,family,31.5,dark_blue,cellular organisms[cellular root] > Bacteria[domain] > Thermotogati[kingdom] > Deinococcota[phylum] > Deinococci[class] > Trueperales[order] > Trueperaceae[family]
Pseudohongiella,genus,31.0,dark_blue,cellular organisms[cellular root] > Bacteria[domain] > Pseudomonadati[kingdom] > Pseudomonadota[phylum] > Gammaproteobacteria[class] > Pseudomonadales[order] > Pseudohongiellaceae[family] > Pseudohongiella[genus]
Magnetospira,genus,31.0,dark_blue,cellular organisms[cellular root] > Bacteria[domain] > Pseudomonadati[kingdom] > Pseudomonadota[phylum] > Alphaproteobacteria[class] > Rhodospirillales[order] > Thalassospiraceae[family] > Magnetospira[genus]
Ahniella,genus,30.5,dark_blue,cellular organisms[cellular root] > Bacteria[domain] > Pseudomonadati[kingdom] > Pseudomonadota[phylum] > Gammaproteobacteria[class] > Lysobacterales[order] > Rhodanobacteraceae[family] > Ahniella[genus]
Fluviicola,genus,30.444,dark_blue,cellular organisms[cellular root] > Bacteria[domain] > Pseudomonadati[kingdom] > FCB group[clade] > Bacteroidota/Chlorobiota group[clade] > Bacteroidota[phylum] > Flavobacteriia[class] > Flavobacteriales[order] > Crocinitomicaceae[family] > Fluviicola[genus]
Saprospiraceae,family,30.306,dark_blue,cellular organisms[cellular root] > Bacteria[domain] > Pseudomonadati[kingdom] > FCB group[clade] > Bacteroidota/Chlorobiota group[clade] > Bacteroidota[phylum] > Saprospiria[class] > Saprospirales[order] > Saprospiraceae[family]
Pirellulaceae,family,30.295,dark_blue,cellular organisms[cellular root] > Bacteria[domain] > Pseudomonadati[kingdom] > PVC group[clade] > Planctomycetota[phylum] > Planctomycetia[class] > Pirellulales[order] > Pirellulaceae[family]
Gemmata,genus,30.143,dark_blue,cellular organisms[cellular root] > Bacteria[domain] > Pseudomonadati[kingdom] > PVC group[clade] > Planctomycetota[phylum] > Planctomycetia[class] > Gemmatales[order] > Gemmataceae[family] > Gemmata[genus]
Alloprevotella,genus,29.857,dark_blue,cellular organisms[cellular root] > Bacteria[domain] > Pseudomonadati[kingdom] > FCB group[clade] > Bacteroidota/Chlorobiota group[clade] > Bacteroidota[phylum] > Bacteroidia[class] > Bacteroidales[order] > Prevotellaceae[family] > Alloprevotella[genus]
Thermovirga,genus,29.667,dark_blue,cellular organisms[cellular root] > Bacteria[domain] > Thermotogati[kingdom] > Synergistota[phylum] > Synergistia[class] > Synergistales[order] > Thermovirgaceae[family] > Thermovirga[genus]
Fermentimonas,genus,29.5,dark_blue,cellular organisms[cellular root] > Bacteria[domain] > Pseudomonadati[kingdom] > FCB group[clade] > Bacteroidota/Chlorobiota group[clade] > Bacteroidota[phylum] > Bacteroidia[class] > Bacteroidales[order] > Dysgonomonadaceae[family] > Fermentimonas[genus]
Desulfitibacter,genus,29.0,dark_blue,cellular organisms[cellular root] > Bacteria[domain] > Bacillati[kingdom] > Bacillota[phylum] > Clostridia[class] > Neomorellales[order] > Desulfitibacteraceae[family] > Desulfitibacter[genus]
Oxobacter,genus,29.0,dark_blue,cellular organisms[cellular root] > Bacteria[domain] > Bacillati[kingdom] > Bacillota[phylum] > Clostridia[class] > Eubacteriales[order] > Clostridiaceae[family] > Oxobacter[genus]
Arenicellaceae,family,28.429,dark_blue,cellular organisms[cellular root] > Bacteria[domain] > Pseudomonadati[kingdom] > Pseudomonadota[phylum] > Gammaproteobacteria[class] > Arenicellales[order] > Arenicellaceae[family]
Fimbriiglobus,genus,28.0,dark_blue,cellular organisms[cellular root] > Bacteria[domain] > Pseudomonadati[kingdom] > PVC group[clade] > Planctomycetota[phylum] > Planctomycetia[class] > Gemmatales[order] > Gemmataceae[family] > Fimbriiglobus[genus]
Anaerolinea,genus,28.0,dark_blue,cellular organisms[cellular root] > Bacteria[domain] > Bacillati[kingdom] > Chloroflexota[phylum] > Anaerolineae[class] > Anaerolineales[order] > Anaerolineaceae[family] > Anaerolinea[genus]
Defluviitaleaceae,family,27.8,dark_blue,cellular organisms[cellular root] > Bacteria[domain] > Bacillati[kingdom] > Bacillota[phylum] > Clostridia[class] > Lachnospirales[order] > Defluviitaleaceae[family]
Ferruginibacter,genus,27.714,dark_blue,cellular organisms[cellular root] > Bacteria[domain] > Pseudomonadati[kingdom] > FCB group[clade] > Bacteroidota/Chlorobiota group[clade] > Bacteroidota[phylum] > Chitinophagia[class] > Chitinophagales[order] > Chitinophagaceae[family] > Ferruginibacter[genus]
Nitratifractor,genus,27.667,dark_blue,cellular organisms[cellular root] > Bacteria[domain] > Pseudomonadati[kingdom] > Campylobacterota[phylum] > Epsilonproteobacteria[class] > Campylobacterales[order] > Sulfurovaceae[family] > Nitratifractor[genus]
Occallatibacter,genus,27.5,dark_blue,cellular organisms[cellular root] > Bacteria[domain] > Pseudomonadati[kingdom] > Acidobacteriota[phylum] > Terriglobia[class] > Terriglobales[order] > Acidobacteriaceae[family] > Occallatibacter[genus]
Opitutus,genus,27.4,dark_blue,cellular organisms[cellular root] > Bacteria[domain] > Pseudomonadati[kingdom] > PVC group[clade] > Verrucomicrobiota[phylum] > Opitutia[class] > Opitutales[order] > Opitutaceae[family] > Opitutus[genus]
Lutispora,genus,27.333,dark_blue,cellular organisms[cellular root] > Bacteria[domain] > Bacillati[kingdom] > Bacillota[phylum] > Clostridia[class] > Lutisporales[order] > Lutisporaceae[family] > Lutispora[genus]
Spirochaetaceae,family,27.258,dark_blue,cellular organisms[cellular root] > Bacteria[domain] > Pseudomonadati[kingdom] > Spirochaetota[phylum] > Spirochaetia[class] > Spirochaetales[order] > Spirochaetaceae[family]
Acidibacillus,genus,27.0,dark_blue,cellular organisms[cellular root] > Bacteria[domain] > Bacillati[kingdom] > Bacillota[phylum] > Bacilli[class] > Bacillales[order] > Alicyclobacillaceae[family] > Acidibacillus[genus]
Dinghuibacter,genus,27.0,dark_blue,cellular organisms[cellular root] > Bacteria[domain] > Pseudomonadati[kingdom] > FCB group[clade] > Bacteroidota/Chlorobiota group[clade] > Bacteroidota[phylum] > Chitinophagia[class] > Chitinophagales[order] > Chitinophagaceae[family] > Dinghuibacter[genus]
Anaeroplasma,genus,26.667,dark_blue,cellular organisms[cellular root] > Bacteria[domain] > Bacillati[kingdom] > Mycoplasmatota[phylum] > Mollicutes[class] > Anaeroplasmatales[order] > Anaeroplasmataceae[family] > Anaeroplasma[genus]
Gaiellaceae,family,26.571,dark_blue,cellular organisms[cellular root] > Bacteria[domain] > Bacillati[kingdom] > Actinomycetota[phylum] > Thermoleophilia[class] > Gaiellales[order] > Gaiellaceae[family]
Roseiflexaceae,family,26.462,dark_blue,cellular organisms[cellular root] > Bacteria[domain] > Bacillati[kingdom] > Chloroflexota[phylum] > Chloroflexia[class] > Chloroflexales[order] > Roseiflexineae[suborder] > Roseiflexaceae[family]
Planctomycetota,phylum,26.343,dark_blue,cellular organisms[cellular root] > Bacteria[domain] > Pseudomonadati[kingdom] > PVC group[clade] > Planctomycetota[phylum]
Sandaracinus,genus,26.0,dark_blue,cellular organisms[cellular root] > Bacteria[domain] > Pseudomonadati[kingdom] > Myxococcota[phylum] > Polyangia[subclass] > Polyangiales[order] > Sandaracinaceae[family] > Sandaracinus[genus]
Anaerolineaceae,family,25.958,dark_blue,cellular organisms[cellular root] > Bacteria[domain] > Bacillati[kingdom] > Chloroflexota[phylum] > Anaerolineae[class] > Anaerolineales[order] > Anaerolineaceae[family]
Thermomicrobiota,phylum,25.55,dark_blue,cellular organisms[cellular root] > Bacteria[domain] > Pseudomonadati[kingdom] > Thermomicrobiota[phylum]
Dethiobacter,genus,25.333,dark_blue,cellular organisms[cellular root] > Bacteria[domain] > Bacillati[kingdom] > Bacillota[phylum] > Dethiobacteria[class] > Dethiobacterales[order] > Dethiobacteraceae[family] > Dethiobacter[genus]
Desulfonema,genus,25.25,dark_blue,cellular organisms[cellular root] > Bacteria[domain] > Pseudomonadati[kingdom] > Thermodesulfobacteriota[phylum] > Desulfobacteria[class] > Desulfobacterales[order] > Desulfococcaceae[family] > Desulfonema[genus]
Ichthyobacterium,genus,25.0,dark_blue,cellular organisms[cellular root] > Bacteria[domain] > Pseudomonadati[kingdom] > FCB group[clade] > Bacteroidota/Chlorobiota group[clade] > Bacteroidota[phylum] > Flavobacteriia[class] > Flavobacteriales[order] > Ichthyobacteriaceae[family] > Ichthyobacterium[genus]
Caldicoprobacter,genus,25.0,dark_blue,cellular organisms[cellular root] > Bacteria[domain] > Bacillati[kingdom] > Bacillota[phylum] > Clostridia[class] > Caldicoprobacterales[order] > Caldicoprobacteraceae[family] > Caldicoprobacter[genus]
Acidobacteriota,phylum,24.659,dark_blue,cellular organisms[cellular root] > Bacteria[domain] > Pseudomonadati[kingdom] > Acidobacteriota[phylum]
Desulfocapsa,genus,24.4,dark_blue,cellular organisms[cellular root] > Bacteria[domain] > Pseudomonadati[kingdom] > Thermodesulfobacteriota[phylum] > Desulfobulbia[class] > Desulfobulbales[order] > Desulfocapsaceae[family] > Desulfocapsa[genus]
Bauldia,genus,24.333,dark_blue,cellular organisms[cellular root] > Bacteria[domain] > Pseudomonadati[kingdom] > Pseudomonadota[phylum] > Alphaproteobacteria[class] > Hyphomicrobiales[order] > Kaistiaceae[family] > Bauldia[genus]
Muribaculaceae,family,24.172,dark_blue,cellular organisms[cellular root] > Bacteria[domain] > Pseudomonadati[kingdom] > FCB group[clade] > Bacteroidota/Chlorobiota group[clade] > Bacteroidota[phylum] > Bacteroidia[class] > Bacteroidales[order] > Muribaculaceae[family]
Tepidisphaera,genus,24.0,dark_blue,cellular organisms[cellular root] > Bacteria[domain] > Pseudomonadati[kingdom] > PVC group[clade] > Planctomycetota[phylum] > Phycisphaerae[class] > Tepidisphaerales[order] > Tepidisphaeraceae[family] > Tepidisphaera[genus]
Halocella,genus,24.0,dark_blue,cellular organisms[cellular root] > Bacteria[domain] > Bacillati[kingdom] > Bacillota[phylum] > Clostridia[class] > Halanaerobiales[order] > Halanaerobiaceae[family] > Halocella[genus]
Coxiella,genus,23.944,dark_blue,cellular organisms[cellular root] > Eukaryota[domain] > Opisthokonta[clade] > Metazoa[kingdom] > Eumetazoa[clade] > Bilateria[clade] > Protostomia[clade] > Spiralia[clade] > Lophotrochozoa[clade] > Mollusca[phylum] > Gastropoda[class] > Caenogastropoda[subclass] > Littorinimorpha[order] > Truncatelloidea[superfamily] > Pomatiopsidae[family] > Pomatiopsinae[subfamily] > Coxiella[genus]
Vicingus,genus,23.0,dark_blue,cellular organisms[cellular root] > Bacteria[domain] > Pseudomonadati[kingdom] > FCB group[clade] > Bacteroidota/Chlorobiota group[clade] > Bacteroidota[phylum] > Flavobacteriia[class] > Flavobacteriales[order] > Vicingaceae[family] > Vicingus[genus]
Dolosigranulum,genus,23.0,dark_blue,cellular organisms[cellular root] > Bacteria[domain] > Bacillati[kingdom] > Bacillota[phylum] > Bacilli[class] > Lactobacillales[order] > Carnobacteriaceae[family] > Dolosigranulum[genus]
Salinivirgaceae,family,23.0,dark_blue,cellular organisms[cellular root] > Bacteria[domain] > Pseudomonadati[kingdom] > FCB group[clade] > Bacteroidota/Chlorobiota group[clade] > Bacteroidota[phylum] > Bacteroidia[class] > Bacteroidales[order] > Salinivirgaceae[family]
Anaeroplasmataceae,family,22.8,dark_blue,cellular organisms[cellular root] > Bacteria[domain] > Bacillati[kingdom] > Mycoplasmatota[phylum] > Mollicutes[class] > Anaeroplasmatales[order] > Anaeroplasmataceae[family]
Sulfuritalea,genus,22.667,dark_blue,cellular organisms[cellular root] > Bacteria[domain] > Pseudomonadati[kingdom] > Pseudomonadota[phylum] > Betaproteobacteria[class] > Nitrosomonadales[order] > Sterolibacteriaceae[family] > Sulfuritalea[genus]
Terrimonas,genus,22.571,dark_blue,cellular organisms[cellular root] > Bacteria[domain] > Pseudomonadati[kingdom] > FCB group[clade] > Bacteroidota/Chlorobiota group[clade] > Bacteroidota[phylum] > Chitinophagia[class] > Chitinophagales[order] > Chitinophagaceae[family] > Terrimonas[genus]
Planctomicrobium,genus,22.333,dark_blue,cellular organisms[cellular root] > Bacteria[domain] > Pseudomonadati[kingdom] > PVC group[clade] > Planctomycetota[phylum] > Planctomycetia[class] > Planctomycetales[order] > Planctomycetaceae[family] > Planctomicrobium[genus]
Thermovirgaceae,family,22.25,dark_blue,cellular organisms[cellular root] > Bacteria[domain] > Thermotogati[kingdom] > Synergistota[phylum] > Synergistia[class] > Synergistales[order] > Thermovirgaceae[family]
Pseudolabrys,genus,22.25,dark_blue,cellular organisms[cellular root] > Bacteria[domain] > Pseudomonadati[kingdom] > Pseudomonadota[phylum] > Alphaproteobacteria[class] > Hyphomicrobiales[order] > Xanthobacteraceae[family] > Pseudolabrys[genus]
Rhodobaculum,genus,22.0,dark_blue,cellular organisms[cellular root] > Bacteria[domain] > Pseudomonadati[kingdom] > Pseudomonadota[phylum] > Alphaproteobacteria[class] > Rhodobacterales[order] > Paracoccaceae[family] > Rhodobaculum[genus]
Dielma,genus,22.0,dark_blue,cellular organisms[cellular root] > Bacteria[domain] > Bacillati[kingdom] > Bacillota[phylum] > Erysipelotrichia[class] > Erysipelotrichales[order] > Erysipelotrichaceae[family] > Dielma[genus]
Chitinivibrionaceae,family,22.0,dark_blue,cellular organisms[cellular root] > Bacteria[domain] > Pseudomonadati[kingdom] > FCB group[clade] > Fibrobacterota[phylum] > Chitinivibrionia[class] > Chitinivibrionales[order] > Chitinivibrionaceae[family]
Desulfocapsaceae,family,21.571,dark_blue,cellular organisms[cellular root] > Bacteria[domain] > Pseudomonadati[kingdom] > Thermodesulfobacteriota[phylum] > Desulfobulbia[class] > Desulfobulbales[order] > Desulfocapsaceae[family]
Nitrospina,genus,21.556,dark_blue,cellular organisms[cellular root] > Bacteria[domain] > Pseudomonadati[kingdom] > Nitrospinota/Tectimicrobiota group[clade] > Nitrospinota[phylum] > Nitrospinia[class] > Nitrospinales[order] > Nitrospinaceae[family] > Nitrospina[genus]
Enterorhabdus,genus,21.5,dark_blue,cellular organisms[cellular root] > Bacteria[domain] > Bacillati[kingdom] > Actinomycetota[phylum] > Coriobacteriia[class] > Eggerthellales[order] > Eggerthellaceae[family] > Enterorhabdus[genus]
Nordella,genus,21.5,dark_blue,cellular organisms[cellular root] > Bacteria[domain] > Pseudomonadati[kingdom] > Pseudomonadota[phylum] > Alphaproteobacteria[class] > Hyphomicrobiales[order] > Hyphomicrobiales incertae sedis[no rank] > Nordella[genus]
Caldicoprobacteraceae,family,21.429,dark_blue,cellular organisms[cellular root] > Bacteria[domain] > Bacillati[kingdom] > Bacillota[phylum] > Clostridia[class] > Caldicoprobacterales[order] > Caldicoprobacteraceae[family]
Isosphaeraceae,family,21.391,dark_blue,cellular organisms[cellular root] > Bacteria[domain] > Pseudomonadati[kingdom] > PVC group[clade] > Planctomycetota[phylum] > Planctomycetia[class] > Isosphaerales[order] > Isosphaeraceae[family]
Thiogranum,genus,21.333,dark_blue,cellular organisms[cellular root] > Bacteria[domain] > Pseudomonadati[kingdom] > Pseudomonadota[phylum] > Gammaproteobacteria[class] > Chromatiales[order] > Ectothiorhodospiraceae[family] > Thiogranum[genus]
Aquisphaera,genus,21.333,dark_blue,cellular organisms[cellular root] > Bacteria[domain] > Pseudomonadati[kingdom] > PVC group[clade] > Planctomycetota[phylum] > Planctomycetia[class] > Isosphaerales[order] > Isosphaeraceae[family] > Aquisphaera[genus]
Fusibacter,genus,21.333,dark_blue,cellular organisms[cellular root] > Bacteria[domain] > Bacillati[kingdom] > Bacillota[phylum] > Clostridia[class] > Eubacteriales[order] > Eubacteriales incertae sedis[no rank] > Eubacteriales Family XII. Incertae Sedis[family] > Fusibacter[genus]
Amphiplicatus,genus,21.0,dark_blue,cellular organisms[cellular root] > Bacteria[domain] > Pseudomonadati[kingdom] > Pseudomonadota[phylum] > Alphaproteobacteria[class] > Parvularculales[order] > Parvularculaceae[family] > Amphiplicatus[genus]
Sporocytophaga,genus,21.0,dark_blue,cellular organisms[cellular root] > Bacteria[domain] > Pseudomonadati[kingdom] > FCB group[clade] > Bacteroidota/Chlorobiota group[clade] > Bacteroidota[phylum] > Cytophagia[class] > Cytophagales[order] > Cytophagaceae[family] > Sporocytophaga[genus]
Desulfomonile,genus,20.667,dark_blue,cellular organisms[cellular root] > Bacteria[domain] > Pseudomonadati[kingdom] > Thermodesulfobacteriota[phylum] > Desulfomonilia[class] > Desulfomonilales[order] > Desulfomonilaceae[family] > Desulfomonile[genus]
Thiohalophilus,genus,20.667,dark_blue,cellular organisms[cellular root] > Bacteria[domain] > Pseudomonadati[kingdom] > Pseudomonadota[phylum] > Gammaproteobacteria[class] > Thiohalomonadales[order] > Thiohalophilaceae[family] > Thiohalophilus[genus]
Brevinema,genus,20.333,dark_blue,cellular organisms[cellular root] > Bacteria[domain] > Pseudomonadati[kingdom] > Spirochaetota[phylum] > Spirochaetia[class] > Brevinematales[order] > Brevinemataceae[family] > Brevinema[genus]
Brevinemataceae,family,20.333,dark_blue,cellular organisms[cellular root] > Bacteria[domain] > Pseudomonadati[kingdom] > Spirochaetota[phylum] > Spirochaetia[class] > Brevinematales[order] > Brevinemataceae[family]
Caminicella,genus,20.0,dark_blue,cellular organisms[cellular root] > Bacteria[domain] > Bacillati[kingdom] > Bacillota[phylum] > Clostridia[class] > Peptostreptococcales[order] > Caminicellaceae[family] > Caminicella[genus]
Papillibacter,genus,20.0,dark_blue,cellular organisms[cellular root] > Bacteria[domain] > Bacillati[kingdom] > Bacillota[phylum] > Clostridia[class] > Eubacteriales[order] > Oscillospiraceae[family] > Papillibacter[genus]
Thermotomaculaceae,family,20.0,dark_blue,cellular organisms[cellular root] > Bacteria[domain] > Pseudomonadati[kingdom] > Acidobacteriota[phylum] > Holophagae[class] > Thermotomaculales[order] > Thermotomaculaceae[family]
Pseudofulvimonas,genus,20.0,dark_blue,cellular organisms[cellular root] > Bacteria[domain] > Pseudomonadati[kingdom] > Pseudomonadota[phylum] > Gammaproteobacteria[class] > Lysobacterales[order] > Rhodanobacteraceae[family] > Pseudofulvimonas[genus]
Vulcanibacillus,genus,20.0,dark_blue,cellular organisms[cellular root] > Bacteria[domain] > Bacillati[kingdom] > Bacillota[phylum] > Bacilli[class] > Bacillales[order] > Bacillaceae[family] > Vulcanibacillus[genus]
Thermotomaculum,genus,20.0,dark_blue,cellular organisms[cellular root] > Bacteria[domain] > Pseudomonadati[kingdom] > Acidobacteriota[phylum] > Holophagae[class] > Thermotomaculales[order] > Thermotomaculaceae[family] > Thermotomaculum[genus]
Gemmatimonadota,phylum,19.969,dark_blue,cellular organisms[cellular root] > Bacteria[domain] > Pseudomonadati[kingdom] > FCB group[clade] > Gemmatimonadota[phylum]
Flavisolibacter,genus,19.571,dark_blue,cellular organisms[cellular root] > Bacteria[domain] > Pseudomonadati[kingdom] > FCB group[clade] > Bacteroidota/Chlorobiota group[clade] > Bacteroidota[phylum] > Chitinophagia[class] > Chitinophagales[order] > Chitinophagaceae[family] > Flavisolibacter[genus]
Roseiarcus,genus,19.333,dark_blue,cellular organisms[cellular root] > Bacteria[domain] > Pseudomonadati[kingdom] > Pseudomonadota[phylum] > Alphaproteobacteria[class] > Hyphomicrobiales[order] > Roseiarcaceae[family] > Roseiarcus[genus]
Planctopirus,genus,19.333,dark_blue,cellular organisms[cellular root] > Bacteria[domain] > Pseudomonadati[kingdom] > PVC group[clade] > Planctomycetota[phylum] > Planctomycetia[class] > Planctomycetales[order] > Planctomycetaceae[family] > Planctopirus[genus]
Syntrophobacter,genus,19.167,dark_blue,cellular organisms[cellular root] > Bacteria[domain] > Pseudomonadati[kingdom] > Thermodesulfobacteriota[phylum] > Syntrophobacteria[class] > Syntrophobacterales[order] > Syntrophobacteraceae[family] > Syntrophobacter[genus]
Fretibacterium,genus,19.0,dark_blue,cellular organisms[cellular root] > Bacteria[domain] > Thermotogati[kingdom] > Synergistota[phylum] > Synergistia[class] > Synergistales[order] > Aminobacteriaceae[family] > Fretibacterium[genus]
Aetherobacter,genus,19.0,dark_blue,cellular organisms[cellular root] > Bacteria[domain] > Pseudomonadati[kingdom] > Myxococcota[phylum] > Polyangia[subclass] > Polyangiales[order] > Polyangiaceae[family] > Aetherobacter[genus]
Acidicaldus,genus,19.0,dark_blue,cellular organisms[cellular root] > Bacteria[domain] > Pseudomonadati[kingdom] > Pseudomonadota[phylum] > Alphaproteobacteria[class] > Acetobacterales[order] > Acetobacteraceae[family] > Acidicaldus[genus]
Flexithrix,genus,19.0,dark_blue,cellular organisms[cellular root] > Bacteria[domain] > Pseudomonadati[kingdom] > FCB group[clade] > Bacteroidota/Chlorobiota group[clade] > Bacteroidota[phylum] > Cytophagia[class] > Cytophagales[order] > Flammeovirgaceae[family] > Flexithrix[genus]
Catenisphaera,genus,19.0,dark_blue,cellular organisms[cellular root] > Bacteria[domain] > Bacillati[kingdom] > Bacillota[phylum] > Erysipelotrichia[class] > Erysipelotrichales[order] > Erysipelotrichaceae[family] > Catenisphaera[genus]
Cytophaga,genus,18.8,dark_blue,cellular organisms[cellular root] > Bacteria[domain] > Pseudomonadati[kingdom] > FCB group[clade] > Bacteroidota/Chlorobiota group[clade] > Bacteroidota[phylum] > Cytophagia[class] > Cytophagales[order] > Cytophagaceae[family] > Cytophaga[genus]
Holospora,genus,18.75,dark_blue,cellular organisms[cellular root] > Bacteria[domain] > Pseudomonadati[kingdom] > Pseudomonadota[phylum] > Alphaproteobacteria[class] > Holosporales[order] > Holosporaceae[family] > Holospora[genus]
Desulfurispora,genus,18.5,dark_blue,cellular organisms[cellular root] > Bacteria[domain] > Bacillati[kingdom] > Bacillota[phylum] > Clostridia[class] > Eubacteriales[order] > Desulfurisporaceae[family] > Desulfurispora[genus]
Haliscomenobacteraceae,family,18.5,dark_blue,cellular organisms[cellular root] > Bacteria[domain] > Pseudomonadati[kingdom] > FCB group[clade] > Bacteroidota/Chlorobiota group[clade] > Bacteroidota[phylum] > Saprospiria[class] > Saprospirales[order] > Haliscomenobacteraceae[family]
Chloroflexota,phylum,18.45,dark_blue,cellular organisms[cellular root] > Bacteria[domain] > Bacillati[kingdom] > Chloroflexota[phylum]
Portibacter,genus,18.333,dark_blue,cellular organisms[cellular root] > Bacteria[domain] > Pseudomonadati[kingdom] > FCB group[clade] > Bacteroidota/Chlorobiota group[clade] > Bacteroidota[phylum] > Saprospiria[class] > Saprospirales[order] > Haliscomenobacteraceae[family] > Portibacter[genus]
Phocoenobacter,genus,18.0,dark_blue,cellular organisms[cellular root] > Bacteria[domain] > Pseudomonadati[kingdom] > Pseudomonadota[phylum] > Gammaproteobacteria[class] > Pasteurellales[order] > Pasteurellaceae[family] > Phocoenobacter[genus]
Anaerospora,genus,18.0,dark_blue,cellular organisms[cellular root] > Bacteria[domain] > Bacillati[kingdom] > Bacillota[phylum] > Negativicutes[class] > Selenomonadales[order] > Sporomusaceae[family] > Anaerospora[genus]
Cephaloticoccus,genus,18.0,dark_blue,cellular organisms[cellular root] > Bacteria[domain] > Pseudomonadati[kingdom] > PVC group[clade] > Verrucomicrobiota[phylum] > Opitutia[class] > Opitutales[order] > Opitutaceae[family] > Cephaloticoccus[genus]
Pelolinea,genus,17.667,dark_blue,cellular organisms[cellular root] > Bacteria[domain] > Bacillati[kingdom] > Chloroflexota[phylum] > Anaerolineae[class] > Anaerolineales[order] > Anaerolineaceae[family] > Pelolinea[genus]
Rubrobacter,genus,17.583,dark_blue,cellular organisms[cellular root] > Bacteria[domain] > Bacillati[kingdom] > Actinomycetota[phylum] > Rubrobacteria[class] > Rubrobacterales[order] > Rubrobacteraceae[family] > Rubrobacter[genus]
Lewinella,genus,17.444,dark_blue,cellular organisms[cellular root] > Bacteria[domain] > Pseudomonadati[kingdom] > FCB group[clade] > Bacteroidota/Chlorobiota group[clade] > Bacteroidota[phylum] > Saprospiria[class] > Saprospirales[order] > Lewinellaceae[family] > Lewinella[genus]
Coxiellaceae,family,17.31,dark_blue,cellular organisms[cellular root] > Bacteria[domain] > Pseudomonadati[kingdom] > Pseudomonadota[phylum] > Gammaproteobacteria[class] > Legionellales[order] > Coxiellaceae[family]
Vicingaceae,family,17.25,dark_blue,cellular organisms[cellular root] > Bacteria[domain] > Pseudomonadati[kingdom] > FCB group[clade] > Bacteroidota/Chlorobiota group[clade] > Bacteroidota[phylum] > Flavobacteriia[class] > Flavobacteriales[order] > Vicingaceae[family]
Fusicatenibacter,genus,17.222,dark_blue,cellular organisms[cellular root] > Bacteria[domain] > Bacillati[kingdom] > Bacillota[phylum] > Clostridia[class] > Lachnospirales[order] > Lachnospiraceae[family] > Fusicatenibacter[genus]
Endomicrobium,genus,17.125,dark_blue,cellular organisms[cellular root] > Bacteria[domain] > Pseudomonadati[kingdom] > Elusimicrobiota[phylum] > Endomicrobiia[class] > Endomicrobiales[order] > Endomicrobiaceae[family] > Endomicrobium[genus]
Acholeplasma,genus,17.1,dark_blue,cellular organisms[cellular root] > Bacteria[domain] > Bacillati[kingdom] > Mycoplasmatota[phylum] > Mollicutes[class] > Acholeplasmatales[order] > Acholeplasmataceae[family] > Acholeplasma[genus]
Flexilinea,genus,17.0,dark_blue,cellular organisms[cellular root] > Bacteria[domain] > Bacillati[kingdom] > Chloroflexota[phylum] > Anaerolineae[class] > Anaerolineales[order] > Anaerolineaceae[family] > Flexilinea[genus]
Desulfocarbo,genus,17.0,dark_blue,cellular organisms[cellular root] > Bacteria[domain] > Pseudomonadati[kingdom] > Thermodesulfobacteriota[phylum] > Desulfarculia[class] > Desulfarculales[order] > Desulfarculaceae[family] > Desulfocarbo[genus]
Nitrolancea,genus,17.0,dark_blue,cellular organisms[cellular root] > Bacteria[domain] > Pseudomonadati[kingdom] > Thermomicrobiota[phylum] > Thermomicrobia[class] > Sphaerobacterales[order] > Sphaerobacterineae[suborder] > Sphaerobacteraceae[family] > Nitrolancea[genus]
Exilispira,genus,17.0,dark_blue,cellular organisms[cellular root] > Bacteria[domain] > Pseudomonadati[kingdom] > Spirochaetota[phylum] > Spirochaetia[class] > Spirochaetales[order] > Spirochaetales incertae sedis[no rank] > Exilispira[genus]
Cryomorpha,genus,17.0,dark_blue,cellular organisms[cellular root] > Bacteria[domain] > Pseudomonadati[kingdom] > FCB group[clade] > Bacteroidota/Chlorobiota group[clade] > Bacteroidota[phylum] > Flavobacteriia[class] > Flavobacteriales[order] > Cryomorphaceae[family] > Cryomorpha[genus]
Anaerobacterium,genus,17.0,dark_blue,cellular organisms[cellular root] > Bacteria[domain] > Bacillati[kingdom] > Bacillota[phylum] > Clostridia[class] > Eubacteriales[order] > Oscillospiraceae[family] > Anaerobacterium[genus]
Clostridiisalibacter,genus,17.0,dark_blue,cellular organisms[cellular root] > Bacteria[domain] > Bacillati[kingdom] > Bacillota[phylum] > Tissierellia[class] > Tissierellales[order] > Thermohalobacteraceae[family] > Clostridiisalibacter[genus]
Rhodocytophaga,genus,17.0,dark_blue,cellular organisms[cellular root] > Bacteria[domain] > Pseudomonadati[kingdom] > FCB group[clade] > Bacteroidota/Chlorobiota group[clade] > Bacteroidota[phylum] > Cytophagia[class] > Cytophagales[order] > Rhodocytophagaceae[family] > Rhodocytophaga[genus]
Sphingoaurantiacus,genus,17.0,dark_blue,cellular organisms[cellular root] > Bacteria[domain] > Pseudomonadati[kingdom] > Pseudomonadota[phylum] > Alphaproteobacteria[class] > Sphingomonadales[order] > Sphingosinicellaceae[family] > Sphingoaurantiacus[genus]
Verrucomicrobiota,phylum,16.855,dark_blue,cellular organisms[cellular root] > Bacteria[domain] > Pseudomonadati[kingdom] > PVC group[clade] > Verrucomicrobiota[phylum]
Paludibacteraceae,family,16.783,dark_blue,cellular organisms[cellular root] > Bacteria[domain] > Pseudomonadati[kingdom] > FCB group[clade] > Bacteroidota/Chlorobiota group[clade] > Bacteroidota[phylum] > Bacteroidia[class] > Bacteroidales[order] > Paludibacteraceae[family]
Macellibacteroides,genus,16.667,dark_blue,cellular organisms[cellular root] > Bacteria[domain] > Pseudomonadati[kingdom] > FCB group[clade] > Bacteroidota/Chlorobiota group[clade] > Bacteroidota[phylum] > Bacteroidia[class] > Bacteroidales[order] > Porphyromonadaceae[family] > Macellibacteroides[genus]
Schleiferiaceae,family,16.6,dark_blue,cellular organisms[cellular root] > Bacteria[domain] > Pseudomonadati[kingdom] > FCB group[clade] > Bacteroidota/Chlorobiota group[clade] > Bacteroidota[phylum] > Flavobacteriia[class] > Flavobacteriales[order] > Schleiferiaceae[family]
Desulfobaccaceae,family,16.5,dark_blue,cellular organisms[cellular root] > Bacteria[domain] > Pseudomonadati[kingdom] > Thermodesulfobacteriota[phylum] > Desulfobaccia[class] > Desulfobaccales[order] > Desulfobaccaceae[family]
Desulfobacca,genus,16.5,dark_blue,cellular organisms[cellular root] > Bacteria[domain] > Pseudomonadati[kingdom] > Thermodesulfobacteriota[phylum] > Desulfobaccia[class] > Desulfobaccales[order] > Desulfobaccaceae[family] > Desulfobacca[genus]
Caminibacter,genus,16.5,dark_blue,cellular organisms[cellular root] > Bacteria[domain] > Pseudomonadati[kingdom] > Campylobacterota[phylum] > Epsilonproteobacteria[class] > Nautiliales[order] > Nautiliaceae[family] > Caminibacter[genus]
Euzebyaceae,family,16.4,dark_blue,cellular organisms[cellular root] > Bacteria[domain] > Bacillati[kingdom] > Actinomycetota[phylum] > Nitriliruptoria[class] > Euzebyales[order] > Euzebyaceae[family]
Crenothrix,genus,16.25,dark_blue,cellular organisms[cellular root] > Bacteria[domain] > Pseudomonadati[kingdom] > Pseudomonadota[phylum] > Gammaproteobacteria[class] > Methylococcales[order] > Crenotrichaceae[family] > Crenothrix[genus]
Rikenellaceae,family,16.212,dark_blue,cellular organisms[cellular root] > Bacteria[domain] > Pseudomonadati[kingdom] > FCB group[clade] > Bacteroidota/Chlorobiota group[clade] > Bacteroidota[phylum] > Bacteroidia[class] > Bacteroidales[order] > Rikenellaceae[family]
Defluviicoccus,genus,16.2,dark_blue,cellular organisms[cellular root] > Bacteria[domain] > Pseudomonadati[kingdom] > Pseudomonadota[phylum] > Alphaproteobacteria[class] > Rhodospirillales[order] > Rhodospirillaceae[family] > Defluviicoccus[genus]
Caldilineaceae,family,16.083,dark_blue,cellular organisms[cellular root] > Bacteria[domain] > Bacillati[kingdom] > Chloroflexota[phylum] > Caldilineae[class] > Caldilineales[order] > Caldilineaceae[family]
Hypnocyclicus,genus,16.0,dark_blue,cellular organisms[cellular root] > Bacteria[domain] > Fusobacteriati[kingdom] > Fusobacteriota[phylum] > Fusobacteriia[class] > Fusobacteriales[order] > Fusobacteriaceae[family] > Hypnocyclicus[genus]
Thermincolaceae,family,16.0,dark_blue,cellular organisms[cellular root] > Bacteria[domain] > Bacillati[kingdom] > Bacillota[phylum] > Clostridia[class] > Eubacteriales[order] > Thermincolaceae[family]
Roseibacillus,genus,16.0,dark_blue,cellular organisms[cellular root] > Bacteria[domain] > Pseudomonadati[kingdom] > PVC group[clade] > Verrucomicrobiota[phylum] > Verrucomicrobiia[class] > Verrucomicrobiales[order] > Verrucomicrobiaceae[family] > Roseibacillus[genus]
Sideroxydans,genus,16.0,dark_blue,cellular organisms[cellular root] > Bacteria[domain] > Pseudomonadati[kingdom] > Pseudomonadota[phylum] > Betaproteobacteria[class] > Nitrosomonadales[order] > Gallionellaceae[family] > Sideroxydans[genus]
Thermincola,genus,16.0,dark_blue,cellular organisms[cellular root] > Bacteria[domain] > Bacillati[kingdom] > Bacillota[phylum] > Clostridia[class] > Eubacteriales[order] > Thermincolaceae[family] > Thermincola[genus]
Sulfurovaceae,family,15.867,dark_blue,cellular organisms[cellular root] > Bacteria[domain] > Pseudomonadati[kingdom] > Campylobacterota[phylum] > Epsilonproteobacteria[class] > Campylobacterales[order] > Sulfurovaceae[family]
Christensenellaceae,family,15.695,dark_blue,cellular organisms[cellular root] > Bacteria[domain] > Bacillati[kingdom] > Bacillota[phylum] > Clostridia[class] > Christensenellales[order] > Christensenellaceae[family]
Desulfomonilaceae,family,15.5,dark_blue,cellular organisms[cellular root] > Bacteria[domain] > Pseudomonadati[kingdom] > Thermodesulfobacteriota[phylum] > Desulfomonilia[class] > Desulfomonilales[order] > Desulfomonilaceae[family]
Dethiosulfatibacter,genus,15.5,dark_blue,cellular organisms[cellular root] > Bacteria[domain] > Bacillati[kingdom] > Bacillota[phylum] > Tissierellia[class] > Tissierellia incertae sedis[no rank] > Dethiosulfatibacter[genus]
Sulfurovum,genus,15.39,dark_blue,cellular organisms[cellular root] > Bacteria[domain] > Pseudomonadati[kingdom] > Campylobacterota[phylum] > Epsilonproteobacteria[class] > Campylobacterales[order] > Sulfurovaceae[family] > Sulfurovum[genus]
Armatimonadota,phylum,15.344,dark_blue,cellular organisms[cellular root] > Bacteria[domain] > Bacillati[kingdom] > Armatimonadota[phylum]
Steroidobacteraceae,family,15.308,dark_blue,cellular organisms[cellular root] > Bacteria[domain] > Pseudomonadati[kingdom] > Pseudomonadota[phylum] > Gammaproteobacteria[class] > Steroidobacterales[order] > Steroidobacteraceae[family]
Segetibacter,genus,15.2,dark_blue,cellular organisms[cellular root] > Bacteria[domain] > Pseudomonadati[kingdom] > FCB group[clade] > Bacteroidota/Chlorobiota group[clade] > Bacteroidota[phylum] > Chitinophagia[class] > Chitinophagales[order] > Chitinophagaceae[family] > Segetibacter[genus]
Lautropia,genus,15.143,dark_blue,cellular organisms[cellular root] > Bacteria[domain] > Pseudomonadati[kingdom] > Pseudomonadota[phylum] > Betaproteobacteria[class] > Burkholderiales[order] > Burkholderiaceae[family] > Lautropia[genus]
Holosporaceae,family,15.111,dark_blue,cellular organisms[cellular root] > Bacteria[domain] > Pseudomonadati[kingdom] > Pseudomonadota[phylum] > Alphaproteobacteria[class] > Holosporales[order] > Holosporaceae[family]
Rubrobacteraceae,family,15.071,dark_blue,cellular organisms[cellular root] > Bacteria[domain] > Bacillati[kingdom] > Actinomycetota[phylum] > Rubrobacteria[class] > Rubrobacterales[order] > Rubrobacteraceae[family]
Cnuella,genus,15.0,dark_blue,cellular organisms[cellular root] > Bacteria[domain] > Pseudomonadati[kingdom] > FCB group[clade] > Bacteroidota/Chlorobiota group[clade] > Bacteroidota[phylum] > Chitinophagia[class] > Chitinophagales[order] > Chitinophagaceae[family] > Cnuella[genus]
Ferribacterium,genus,15.0,dark_blue,cellular organisms[cellular root] > Bacteria[domain] > Pseudomonadati[kingdom] > Pseudomonadota[phylum] > Betaproteobacteria[class] > Rhodocyclales[order] > Azonexaceae[family] > Ferribacterium[genus]
Constrictibacter,genus,15.0,dark_blue,cellular organisms[cellular root] > Bacteria[domain] > Pseudomonadati[kingdom] > Pseudomonadota[phylum] > Alphaproteobacteria[class] > Rhodospirillales[order] > Stellaceae[family] > Constrictibacter[genus]
Acanthopleuribacteraceae,family,15.0,dark_blue,cellular organisms[cellular root] > Bacteria[domain] > Pseudomonadati[kingdom] > Acidobacteriota[phylum] > Holophagae[class] > Acanthopleuribacterales[order] > Acanthopleuribacteraceae[family]
Thermobrachium,genus,15.0,dark_blue,cellular organisms[cellular root] > Bacteria[domain] > Bacillati[kingdom] > Bacillota[phylum] > Clostridia[class] > Eubacteriales[order] > Clostridiaceae[family] > Thermobrachium[genus]
Vulgatibacter,genus,15.0,dark_blue,cellular organisms[cellular root] > Bacteria[domain] > Pseudomonadati[kingdom] > Myxococcota[phylum] > Myxococcia[class] > Myxococcales[order] > Cystobacterineae[suborder] > Vulgatibacteraceae[family] > Vulgatibacter[genus]
Halioglobus,genus,15.0,dark_blue,cellular organisms[cellular root] > Bacteria[domain] > Pseudomonadati[kingdom] > Pseudomonadota[phylum] > Gammaproteobacteria[class] > Cellvibrionales[order] > Halieaceae[family] > Halioglobus[genus]
Bradymonadaceae,family,14.8,dark_blue,cellular organisms[cellular root] > Bacteria[domain] > delta/epsilon subdivisions[clade] > Deltaproteobacteria[class] > Bradymonadales[order] > Bradymonadaceae[family]
Ardenticatenaceae,family,14.75,dark_blue,cellular organisms[cellular root] > Bacteria[domain] > Bacillati[kingdom] > Chloroflexota[phylum] > Ardenticatenia[class] > Ardenticatenales[order] > Ardenticatenaceae[family]
Thermobacillus,genus,14.75,dark_blue,cellular organisms[cellular root] > Bacteria[domain] > Bacillati[kingdom] > Bacillota[phylum] > Bacilli[class] > Bacillales[order] > Paenibacillaceae[family] > Thermobacillus[genus]
Syntrophorhabdus,genus,14.727,dark_blue,cellular organisms[cellular root] > Bacteria[domain] > Pseudomonadati[kingdom] > Thermodesulfobacteriota[phylum] > Syntrophorhabdia[class] > Syntrophorhabdales[order] > Syntrophorhabdaceae[family] > Syntrophorhabdus[genus]
Desulfococcaceae,family,14.571,dark_blue,cellular organisms[cellular root] > Bacteria[domain] > Pseudomonadati[kingdom] > Thermodesulfobacteriota[phylum] > Desulfobacteria[class] > Desulfobacterales[order] > Desulfococcaceae[family]
Paludibacter,genus,14.545,dark_blue,cellular organisms[cellular root] > Bacteria[domain] > Pseudomonadati[kingdom] > FCB group[clade] > Bacteroidota/Chlorobiota group[clade] > Bacteroidota[phylum] > Bacteroidia[class] > Bacteroidales[order] > Paludibacteraceae[family] > Paludibacter[genus]
Roseiarcaceae,family,14.5,dark_blue,cellular organisms[cellular root] > Bacteria[domain] > Pseudomonadati[kingdom] > Pseudomonadota[phylum] > Alphaproteobacteria[class] > Hyphomicrobiales[order] > Roseiarcaceae[family]
Chloroflexaceae,family,14.455,dark_blue,cellular organisms[cellular root] > Bacteria[domain] > Bacillati[kingdom] > Chloroflexota[phylum] > Chloroflexia[class] > Chloroflexales[order] > Chloroflexineae[suborder] > Chloroflexaceae[family]
Roseimicrobium,genus,14.333,dark_blue,cellular organisms[cellular root] > Bacteria[domain] > Pseudomonadati[kingdom] > PVC group[clade] > Verrucomicrobiota[phylum] > Verrucomicrobiia[class] > Verrucomicrobiales[order] > Verrucomicrobiaceae[family] > Roseimicrobium[genus]
Myxococcota,phylum,14.306,dark_blue,cellular organisms[cellular root] > Bacteria[domain] > Pseudomonadati[kingdom] > Myxococcota[phylum]
Leptolinea,genus,14.3,dark_blue,cellular organisms[cellular root] > Bacteria[domain] > Bacillati[kingdom] > Chloroflexota[phylum] > Anaerolineae[class] > Anaerolineales[order] > Anaerolineaceae[family] > Leptolinea[genus]
Bdellovibrio,genus,14.281,dark_blue,cellular organisms[cellular root] > Bacteria[domain] > Pseudomonadati[kingdom] > Bdellovibrionota[phylum] > Bdellovibrionia[class] > Bdellovibrionales[order] > Pseudobdellovibrionaceae[family] > Bdellovibrio[genus]
Shuttleworthia,genus,14.25,dark_blue,cellular organisms[cellular root] > Bacteria[domain] > Bacillati[kingdom] > Bacillota[phylum] > Clostridia[class] > Lachnospirales[order] > Lachnospiraceae[family] > Shuttleworthella[genus]
Solirubrobacteraceae,family,14.25,dark_blue,cellular organisms[cellular root] > Bacteria[domain] > Bacillati[kingdom] > Actinomycetota[phylum] > Thermoleophilia[class] > Solirubrobacterales[order] > Solirubrobacteraceae[family]
Roseburia,genus,14.241,dark_blue,cellular organisms[cellular root] > Bacteria[domain] > Bacillati[kingdom] > Bacillota[phylum] > Clostridia[class] > Lachnospirales[order] > Lachnospiraceae[family] > Roseburia[genus]
Singulisphaera,genus,14.2,dark_blue,cellular organisms[cellular root] > Bacteria[domain] > Pseudomonadati[kingdom] > PVC group[clade] > Planctomycetota[phylum] > Planctomycetia[class] > Isosphaerales[order] > Isosphaeraceae[family] > Singulisphaera[genus]
Terasakiellaceae,family,14.167,dark_blue,cellular organisms[cellular root] > Bacteria[domain] > Pseudomonadati[kingdom] > Pseudomonadota[phylum] > Alphaproteobacteria[class] > Rhodospirillales[order] > Terasakiellaceae[family]
Hydrogenophilaceae,family,14.154,dark_blue,cellular organisms[cellular root] > Bacteria[domain] > Pseudomonadati[kingdom] > Pseudomonadota[phylum] > Hydrogenophilia[class] > Hydrogenophilales[order] > Hydrogenophilaceae[family]
Rhodopirellula,genus,14.15,dark_blue,cellular organisms[cellular root] > Bacteria[domain] > Pseudomonadati[kingdom] > PVC group[clade] > Planctomycetota[phylum] > Planctomycetia[class] > Pirellulales[order] > Pirellulaceae[family] > Rhodopirellula[genus]
Cryomorphaceae,family,14.087,dark_blue,cellular organisms[cellular root] > Bacteria[domain] > Pseudomonadati[kingdom] > FCB group[clade] > Bacteroidota/Chlorobiota group[clade] > Bacteroidota[phylum] > Flavobacteriia[class] > Flavobacteriales[order] > Cryomorphaceae[family]
Lawsonellaceae,family,14.0,dark_blue,cellular organisms[cellular root] > Bacteria[domain] > Bacillati[kingdom] > Actinomycetota[phylum] > Actinomycetes[class] > Mycobacteriales[order] > Lawsonellaceae[family]
Natranaerobiaceae,family,14.0,dark_blue,cellular organisms[cellular root] > Bacteria[domain] > Bacillati[kingdom] > Bacillota[phylum] > Clostridia[class] > Natranaerobiales[order] > Natranaerobiaceae[family]
Lawsonella,genus,14.0,dark_blue,cellular organisms[cellular root] > Bacteria[domain] > Bacillati[kingdom] > Actinomycetota[phylum] > Actinomycetes[class] > Mycobacteriales[order] > Lawsonellaceae[family] > Lawsonella[genus]
Denitratisoma,genus,14.0,dark_blue,cellular organisms[cellular root] > Bacteria[domain] > Pseudomonadati[kingdom] > Pseudomonadota[phylum] > Betaproteobacteria[class] > Nitrosomonadales[order] > Sterolibacteriaceae[family] > Denitratisoma[genus]
Ornatilinea,genus,14.0,dark_blue,cellular organisms[cellular root] > Bacteria[domain] > Bacillati[kingdom] > Chloroflexota[phylum] > Anaerolineae[class] > Anaerolineales[order] > Anaerolineaceae[family] > Ornatilinea[genus]
Crocinitomix,genus,14.0,dark_blue,cellular organisms[cellular root] > Bacteria[domain] > Pseudomonadati[kingdom] > FCB group[clade] > Bacteroidota/Chlorobiota group[clade] > Bacteroidota[phylum] > Flavobacteriia[class] > Flavobacteriales[order] > Crocinitomicaceae[family] > Crocinitomix[genus]
Coprothermobacter,genus,14.0,dark_blue,cellular organisms[cellular root] > Bacteria[domain] > Pseudomonadati[kingdom] > Coprothermobacterota[phylum] > Coprothermobacteria[class] > Coprothermobacterales[order] > Coprothermobacteraceae[family] > Coprothermobacter[genus]
Caldanaerobacter,genus,14.0,dark_blue,cellular organisms[cellular root] > Bacteria[domain] > Bacillati[kingdom] > Bacillota[phylum] > Clostridia[class] > Thermoanaerobacterales[order] > Thermoanaerobacteraceae[family] > Caldanaerobacter[genus]
Prolixibacteraceae,family,14.0,dark_blue,cellular organisms[cellular root] > Bacteria[domain] > Pseudomonadati[kingdom] > FCB group[clade] > Bacteroidota/Chlorobiota group[clade] > Bacteroidota[phylum] > Bacteroidia[class] > Marinilabiliales[order] > Prolixibacteraceae[family]
Turneriella,genus,14.0,dark_blue,cellular organisms[cellular root] > Bacteria[domain] > Pseudomonadati[kingdom] > Spirochaetota[phylum] > Spirochaetia[class] > Leptospirales[order] > Leptospiraceae[family] > Turneriella[genus]
Thermoanaerobaculum,genus,14.0,dark_blue,cellular organisms[cellular root] > Bacteria[domain] > Pseudomonadati[kingdom] > Acidobacteriota[phylum] > Thermoanaerobaculia[class] > Thermoanaerobaculales[order] > Thermoanaerobaculaceae[family] > Thermoanaerobaculum[genus]
Luteolibacter,genus,13.812,dark_blue,cellular organisms[cellular root] > Bacteria[domain] > Pseudomonadati[kingdom] > PVC group[clade] > Verrucomicrobiota[phylum] > Verrucomicrobiia[class] > Verrucomicrobiales[order] > Verrucomicrobiaceae[family] > Luteolibacter[genus]
Leptospirillum,genus,13.75,dark_blue,cellular organisms[cellular root] > Bacteria[domain] > Pseudomonadati[kingdom] > Nitrospirota[phylum] > Nitrospiria[class] > Nitrospirales[order] > Nitrospiraceae[family] > Leptospirillum[genus]
Nitrospinaceae,family,13.55,dark_blue,cellular organisms[cellular root] > Bacteria[domain] > Pseudomonadati[kingdom] > Nitrospinota/Tectimicrobiota group[clade] > Nitrospinota[phylum] > Nitrospinia[class] > Nitrospinales[order] > Nitrospinaceae[family]
Ohtaekwangia,genus,13.5,dark_blue,cellular organisms[cellular root] > Bacteria[domain] > Pseudomonadati[kingdom] > FCB group[clade] > Bacteroidota/Chlorobiota group[clade] > Bacteroidota[phylum] > Cytophagia[class] > Cytophagales[order] > Fulvivirgaceae[family] > Ohtaekwangia[genus]
Paludicola,genus,13.5,dark_blue,cellular organisms[cellular root] > Eukaryota[domain] > Rhodophyta[phylum] > Florideophyceae[class] > Nemaliophycidae[subclass] > Batrachospermales[order] > Batrachospermaceae[family] > Paludicola[genus]
Desulfuromusa,genus,13.333,dark_blue,cellular organisms[cellular root] > Bacteria[domain] > Pseudomonadati[kingdom] > Thermodesulfobacteriota[phylum] > Desulfuromonadia[class] > Desulfuromonadales[order] > Geopsychrobacteraceae[family] > Desulfuromusa[genus]
Methylacidiphilaceae,family,13.3,dark_blue,cellular organisms[cellular root] > Bacteria[domain] > Pseudomonadati[kingdom] > PVC group[clade] > Verrucomicrobiota[phylum] > Methylacidiphilae[class] > Methylacidiphilales[order] > Methylacidiphilaceae[family]
Gracilibacteraceae,family,13.286,dark_blue,cellular organisms[cellular root] > Bacteria[domain] > Bacillati[kingdom] > Bacillota[phylum] > Clostridia[class] > Eubacteriales[order] > Gracilibacteraceae[family]
Mogibacterium,genus,13.125,dark_blue,cellular organisms[cellular root] > Bacteria[domain] > Bacillati[kingdom] > Bacillota[phylum] > Clostridia[class] > Peptostreptococcales[order] > Anaerovoracaceae[family] > Mogibacterium[genus]
Desulfatirhabdium,genus,13.0,dark_blue,cellular organisms[cellular root] > Bacteria[domain] > Pseudomonadati[kingdom] > Thermodesulfobacteriota[phylum] > Desulfobacteria[class] > Desulfobacterales[order] > Desulfatirhabdiaceae[family] > Desulfatirhabdium[genus]
Crenotrichaceae,family,13.0,dark_blue,cellular organisms[cellular root] > Bacteria[domain] > Pseudomonadati[kingdom] > Pseudomonadota[phylum] > Gammaproteobacteria[class] > Methylococcales[order] > Crenotrichaceae[family]
Thermosporotrichaceae,family,13.0,dark_blue,cellular organisms[cellular root] > Bacteria[domain] > Bacillati[kingdom] > Chloroflexota[phylum] > Ktedonobacteria[class] > Ktedonobacterales[order] > Thermosporotrichaceae[family]
Thiofaba,genus,13.0,dark_blue,cellular organisms[cellular root] > Bacteria[domain] > Pseudomonadati[kingdom] > Pseudomonadota[phylum] > Gammaproteobacteria[class] > Chromatiales[order] > Halothiobacillaceae[family] > Thiofaba[genus]
Thermosporothrix,genus,13.0,dark_blue,cellular organisms[cellular root] > Bacteria[domain] > Bacillati[kingdom] > Chloroflexota[phylum] > Ktedonobacteria[class] > Ktedonobacterales[order] > Thermosporotrichaceae[family] > Thermosporothrix[genus]
Dactylococcopsis,genus,13.0,dark_blue,cellular organisms[cellular root] > Bacteria[domain] > Bacillati[kingdom] > Cyanobacteriota/Melainabacteria group[clade] > Cyanobacteriota[phylum] > Cyanophyceae[class] > Nodosilineales[order] > Cymatolegaceae[family] > Dactylococcopsis[genus]
Quinella,genus,13.0,dark_blue,cellular organisms[cellular root] > Bacteria[domain] > Bacillati[kingdom] > Bacillota[phylum] > Negativicutes[class] > Veillonellales[order] > Veillonellaceae[family] > Quinella[genus]
Dissulfurimicrobium,genus,13.0,dark_blue,cellular organisms[cellular root] > Bacteria[domain] > delta/epsilon subdivisions[clade] > Deltaproteobacteria[class] > Deltaproteobacteria incertae sedis[no rank] > Dissulfurimicrobium[genus]
Cerasicoccus,genus,12.75,dark_blue,cellular organisms[cellular root] > Bacteria[domain] > Pseudomonadati[kingdom] > PVC group[clade] > Verrucomicrobiota[phylum] > Opitutia[class] > Puniceicoccales[order] > Cerasicoccaceae[family] > Cerasicoccus[genus]
Ichthyobacteriaceae,family,12.5,dark_blue,cellular organisms[cellular root] > Bacteria[domain] > Pseudomonadati[kingdom] > FCB group[clade] > Bacteroidota/Chlorobiota group[clade] > Bacteroidota[phylum] > Flavobacteriia[class] > Flavobacteriales[order] > Ichthyobacteriaceae[family]
Filomicrobium,genus,12.5,dark_blue,cellular organisms[cellular root] > Bacteria[domain] > Pseudomonadati[kingdom] > Pseudomonadota[phylum] > Alphaproteobacteria[class] > Hyphomicrobiales[order] > Hyphomicrobiaceae[family] > Filomicrobium[genus]
Solirubrobacter,genus,12.444,dark_blue,cellular organisms[cellular root] > Bacteria[domain] > Bacillati[kingdom] > Actinomycetota[phylum] > Thermoleophilia[class] > Solirubrobacterales[order] > Solirubrobacteraceae[family] > Solirubrobacter[genus]
Thermoflexus,genus,12.333,dark_blue,cellular organisms[cellular root] > Bacteria[domain] > Bacillati[kingdom] > Chloroflexota[phylum] > Thermoflexia[class] > Thermoflexales[order] > Thermoflexaceae[family] > Thermoflexus[genus]
Immundisolibacteraceae,family,12.333,dark_blue,cellular organisms[cellular root] > Bacteria[domain] > Pseudomonadati[kingdom] > Pseudomonadota[phylum] > Gammaproteobacteria[class] > Immundisolibacterales[order] > Immundisolibacteraceae[family]
Reyranellaceae,family,12.222,dark_blue,cellular organisms[cellular root] > Bacteria[domain] > Pseudomonadati[kingdom] > Pseudomonadota[phylum] > Alphaproteobacteria[class] > Hyphomicrobiales[order] > Reyranellaceae[family]
Gelria,genus,12.0,dark_blue,cellular organisms[cellular root] > Bacteria[domain] > Bacillati[kingdom] > Bacillota[phylum] > Clostridia[class] > Thermoanaerobacterales[order] > Thermoanaerobacteraceae[family] > Gelria[genus]
Oryzihumus,genus,12.0,dark_blue,cellular organisms[cellular root] > Bacteria[domain] > Bacillati[kingdom] > Actinomycetota[phylum] > Actinomycetes[class] > Micrococcales[order] > Intrasporangiaceae[family] > Oryzihumus[genus]
Thermodesulforhabdus,genus,12.0,dark_blue,cellular organisms[cellular root] > Bacteria[domain] > Pseudomonadati[kingdom] > Thermodesulfobacteriota[phylum] > Syntrophobacteria[class] > Syntrophobacterales[order] > Thermodesulforhabdaceae[family] > Thermodesulforhabdus[genus]
Methyloprofundus,genus,12.0,dark_blue,cellular organisms[cellular root] > Bacteria[domain] > Pseudomonadati[kingdom] > Pseudomonadota[phylum] > Gammaproteobacteria[class] > Methylococcales[order] > Methylococcaceae[family] > Methyloprofundus[genus]
Nitriliruptoraceae,family,12.0,dark_blue,cellular organisms[cellular root] > Bacteria[domain] > Bacillati[kingdom] > Actinomycetota[phylum] > Nitriliruptoria[class] > Nitriliruptorales[order] > Nitriliruptoraceae[family]
Sedimentibacter,genus,11.929,dark_blue,cellular organisms[cellular root] > Bacteria[domain] > Bacillati[kingdom] > Bacillota[phylum] > Tissierellia[class] > Tissierellia incertae sedis[no rank] > Sedimentibacter[genus]
Syntrophus,genus,11.769,dark_blue,cellular organisms[cellular root] > Eukaryota[domain] > Opisthokonta[clade] > Metazoa[kingdom] > Eumetazoa[clade] > Bilateria[clade] > Protostomia[clade] > Ecdysozoa[clade] > Panarthropoda[clade] > Arthropoda[phylum] > Mandibulata[clade] > Pancrustacea[clade] > Hexapoda[subphylum] > Insecta[class] > Dicondylia[clade] > Pterygota[subclass] > Neoptera[infraclass] > Endopterygota[cohort] > Coleoptera[order] > Polyphaga[suborder] > Cucujiformia[infraorder] > Curculionoidea[superfamily] > Curculionidae[family] > Entiminae[subfamily] > Celeuthetini[tribe] > Syntrophus[genus]
Taibaiella,genus,11.75,dark_blue,cellular organisms[cellular root] > Bacteria[domain] > Pseudomonadati[kingdom] > FCB group[clade] > Bacteroidota/Chlorobiota group[clade] > Bacteroidota[phylum] > Chitinophagia[class] > Chitinophagales[order] > Chitinophagaceae[family] > Taibaiella[genus]
Ignisphaera,genus,11.75,dark_blue,cellular organisms[cellular root] > Archaea[domain] > Thermoproteati[kingdom] > Thermoproteota[phylum] > Thermoprotei[class] > Desulfurococcales[order] > Desulfurococcaceae[family] > Ignisphaera[genus]
Magnetococcus,genus,11.667,dark_blue,cellular organisms[cellular root] > Bacteria[domain] > Pseudomonadati[kingdom] > Pseudomonadota[phylum] > Magnetococcia[class] > Magnetococcales[order] > Magnetococcaceae[family] > Magnetococcus[genus]
Tepidimicrobiaceae,family,11.667,dark_blue,cellular organisms[cellular root] > Bacteria[domain] > Bacillati[kingdom] > Bacillota[phylum] > Tissierellia[class] > Tissierellales[order] > Tepidimicrobiaceae[family]
Pseudarcicella,genus,11.667,dark_blue,cellular organisms[cellular root] > Bacteria[domain] > Pseudomonadati[kingdom] > FCB group[clade] > Bacteroidota/Chlorobiota group[clade] > Bacteroidota[phylum] > Cytophagia[class] > Cytophagales[order] > Flectobacillaceae[family] > Pseudarcicella[genus]
Cardiobacteriaceae,family,11.643,dark_blue,cellular organisms[cellular root] > Bacteria[domain] > Pseudomonadati[kingdom] > Pseudomonadota[phylum] > Gammaproteobacteria[class] > Cardiobacteriales[order] > Cardiobacteriaceae[family]
Chryseolinea,genus,11.571,dark_blue,cellular organisms[cellular root] > Bacteria[domain] > Pseudomonadati[kingdom] > FCB group[clade] > Bacteroidota/Chlorobiota group[clade] > Bacteroidota[phylum] > Cytophagia[class] > Cytophagales[order] > Fulvivirgaceae[family] > Chryseolinea[genus]
Syntrophorhabdaceae,family,11.571,dark_blue,cellular organisms[cellular root] > Bacteria[domain] > Pseudomonadati[kingdom] > Thermodesulfobacteriota[phylum] > Syntrophorhabdia[class] > Syntrophorhabdales[order] > Syntrophorhabdaceae[family]
Phascolarctobacterium,genus,11.5,dark_blue,cellular organisms[cellular root] > Bacteria[domain] > Bacillati[kingdom] > Bacillota[phylum] > Negativicutes[class] > Acidaminococcales[order] > Acidaminococcaceae[family] > Phascolarctobacterium[genus]
Isosphaera,genus,11.5,dark_blue,cellular organisms[cellular root] > Bacteria[domain] > Pseudomonadati[kingdom] > PVC group[clade] > Planctomycetota[phylum] > Planctomycetia[class] > Isosphaerales[order] > Isosphaeraceae[family] > Isosphaera[genus]
Armatimonas,genus,11.5,dark_blue,cellular organisms[cellular root] > Bacteria[domain] > Bacillati[kingdom] > Armatimonadota[phylum] > Armatimonadia[class] > Armatimonadales[order] > Armatimonadaceae[family] > Armatimonas[genus]
Longimicrobium,genus,11.5,dark_blue,cellular organisms[cellular root] > Bacteria[domain] > Pseudomonadati[kingdom] > FCB group[clade] > Gemmatimonadota[phylum] > Longimicrobiia[class] > Longimicrobiales[order] > Longimicrobiaceae[family] > Longimicrobium[genus]
Haloplasma,genus,11.333,dark_blue,cellular organisms[cellular root] > Bacteria[domain] > Bacillati[kingdom] > Mycoplasmatota[phylum] > Mollicutes[class] > Haloplasmatales[order] > Haloplasmataceae[family] > Haloplasma[genus]
Polycyclovorans,genus,11.333,dark_blue,cellular organisms[cellular root] > Bacteria[domain] > Pseudomonadati[kingdom] > Pseudomonadota[phylum] > Gammaproteobacteria[class] > Nevskiales[order] > Nevskiaceae[family] > Polycyclovorans[genus]
Bergeyella,genus,11.333,dark_blue,cellular organisms[cellular root] > Bacteria[domain] > Pseudomonadati[kingdom] > FCB group[clade] > Bacteroidota/Chlorobiota group[clade] > Bacteroidota[phylum] > Flavobacteriia[class] > Flavobacteriales[order] > Weeksellaceae[family] > Bergeyella[genus]
Beijerinckiaceae,family,11.323,dark_blue,cellular organisms[cellular root] > Bacteria[domain] > Pseudomonadati[kingdom] > Pseudomonadota[phylum] > Alphaproteobacteria[class] > Hyphomicrobiales[order] > Beijerinckiaceae[family]
Crocinitomicaceae,family,11.27,dark_blue,cellular organisms[cellular root] > Bacteria[domain] > Pseudomonadati[kingdom] > FCB group[clade] > Bacteroidota/Chlorobiota group[clade] > Bacteroidota[phylum] > Flavobacteriia[class] > Flavobacteriales[order] > Crocinitomicaceae[family]
Nitrosomonadaceae,family,11.27,dark_blue,cellular organisms[cellular root] > Bacteria[domain] > Pseudomonadati[kingdom] > Pseudomonadota[phylum] > Betaproteobacteria[class] > Nitrosomonadales[order] > Nitrosomonadaceae[family]
Coprothermobacteraceae,family,11.2,dark_blue,cellular organisms[cellular root] > Bacteria[domain] > Pseudomonadati[kingdom] > Coprothermobacterota[phylum] > Coprothermobacteria[class] > Coprothermobacterales[order] > Coprothermobacteraceae[family]
Conexibacter,genus,11.143,dark_blue,cellular organisms[cellular root] > Bacteria[domain] > Bacillati[kingdom] > Actinomycetota[phylum] > Thermoleophilia[class] > Solirubrobacterales[order] > Conexibacteraceae[family] > Conexibacter[genus]
