node_id	is_leaf
50_kb_inversion_clade_Cl	no
Acanthamoeba_G	yes
Acanthamoebidae_F	no
Acanthamoebidae_X_ON	yes
Acantharea_3a_X_ON	yes
Acantharea_C	no
Acari_sC	no
Acariformes_SO	no
Acartia_G	yes
Acartiidae_F	no
Acineta_1_ON	yes
Acineta_G	no
Acinetidae_F	no
Aconoidasida_C	no
Acrogenospora_G	yes
Acrogenosporaceae_F	no
Actiniaria_O	no
Actinocephalidae.U.genus_ON	yes
Actinocephalidae_F	no
Actinophryidae_C	no
Actinopteri_C	no
Actinopterygii_SC	no
Actinosphaerium_G	yes
Aculeata_iO	no
Aculops_G	yes
Acyrthosiphon_G	yes
Adeleidae_F	no
Adeleorina_sO	no
Adelina_G	yes
Agaricales_O	no
Agaricineae_sO	no
Agaricomycetes.U.genus_ON	yes
Agaricomycetes_C	no
Agaricomycetes_X_ON	yes
Agaricomycetes_incertae_sedis_NR	no
Agaricomycetidae_sC	no
Agaricomycotina.U.genus_ON	yes
Agaricomycotina_sP	no
Alaimidae_F	no
Alaimina_sO	no
Alaimus_G	yes
Allantion_G	yes
Allapsidae_F	no
Allobodo_G	yes
Allogromida_Cl	no
Allomyces_G	yes
Alveolata.U.genus_ON	yes
Alveolata_Cl	no
Amblycera_sO	no
Amniota_Cl	no
Amoebidae_F	no
Amoebozoa.U.genus_ON	yes
Amoebozoa_Cl	no
Amphibia_C	no
Amphitraemidae_F	no
Amphitrema_G	yes
Amphitremida_O	no
Andropogoneae_T	no
Andropogonodae_NR	no
Anguinidae_F	no
Anguininae_sF	no
Ankistrodesmus_G	yes
Annelida_P	no
Annelida_XX.U.genus_ON	yes
Anolis_G	yes
Anomalocera_G	yes
Anomopoda_iO	no
Anthocoptini_T	no
Anthophila_Cl	no
Anthoptilidae_F	no
Anthoptilum_G	yes
Anthozoa.U.genus_ON	yes
Anthozoa_C	no
Anura_O	no
Aphagea_Cl	no
Aphelida_Cl	no
Aphelidea_C	no
Aphelidiaceae_F	no
Aphelidium_G	yes
Aphididae_F	no
Aphidinae_sF	no
Aphidoidea_SF	no
Aphidomorpha_iO	no
Aphrophoridae_F	no
Apicomplexa_P	no
Apidae_F	no
Apinae_sF	no
Apini_T	no
Apis_G	yes
Apocrita_sO	no
Apoidea_SF	no
Apostomatia_sC	no
Apostomatida_O	no
Arabidopsis_G	yes
Arachnida.U.genus_ON	yes
Arachnida_C	no
Araeolaimida_O	no
Arcellinida.U.genus_ON	yes
Arcellinida_O	no
Archamoebae_Cl	no
Arthropoda.U.genus_ON	yes
Arthropoda_P	no
Articulospora_G	yes
Ascetosporea_C	no
Ascomorpha_G	yes
Ascomycota.U.genus_ON	yes
Ascomycota_P	no
Aspergillaceae_F	no
Aspergillus_G	yes
Astasiidae_F	no
Astrorhiza_G	yes
Astrorhizida_O	no
Astrorhizidae_F	no
Auchenorrhyncha_sO	no
Aureococcus_G	yes
Autobranchia_sC	no
Auxenochlorella_G	yes
Axonolaimoidea_SF	no
BOP_clade_Cl	no
Babesia6_ON	yes
Babesia_G	no
Babesiidae.U.genus_ON	yes
Babesiidae_F	no
Bacillariophyceae_C	no
Bacillariophycidae_Cl	no
Bacillariophyta_P	no
Balamuthia_G	yes
Balamuthiidae_F	no
Bangiophyceae_C	no
Barbatosphaeria_G	yes
Barbatosphaeriaceae_F	no
Barbatosphaeriales_O	no
Basidiomycota.U.genus_ON	yes
Basidiomycota_P	no
Bathycoccaceae_F	no
Bathycoccus_G	yes
Batrachia_SO	no
Batrachochytrium_G	yes
Bdellidae_F	no
Bdelloidea_SF	no
Bellemerea_G	yes
Bibionomorpha_iO	no
Bicoecaceae_X_ON	yes
Bicoecea.U.genus_ON	yes
Bicosoecida_O	no
Bicosoecidae_F	no
Bifurcata_Cl	no
Bigyra.U.genus_ON	yes
Bigyra_C	no
Bilateria_Cl	no
Bivalvia_C	no
Bivalvulida_O	no
Blastocladiaceae_F	no
Blastocladiales_O	no
Blastocladiomycetes.U.genus_ON	yes
Blastocladiomycetes_C	no
Blastocladiomycota_P	no
Blastocystidae_F	no
Blastocystis_G	yes
Bodo_G	yes
Bodonidae_F	no
Boletales_O	no
Boreoeutheria_Cl	no
Bosmina_G	yes
Bosminidae_F	no
Botryococcus_G	yes
Brachypodieae_T	no
Brachypodium_G	yes
Branchiopoda.U.genus_ON	yes
Branchiopoda_C	no
Brassicaceae_F	no
Brassicales_O	no
Bryophyta_Cl	no
Bryophytina_Cl	no
Bryopsida_C	no
Bullinularia_G	yes
CRuMs_Cl	no
CS_clade_Cl	no
Caenogastropoda_sC	no
Caenorhabditis_G	yes
Cafeteria_G	yes
Cafeteriaceae_F	no
Calanoida_O	no
Camelineae_T	no
Campanella_G	yes
Campopleginae_sF	no
Canalipalpata_iC	no
Candelariales_O	no
Candelariomycetes_C	no
Candida_G	yes
Catarrhini_P	no
Cavernomonas_G	yes
Cecidomyiidae_F	no
Cecidomyiinae_sF	no
Centramoebida_Cl	no
Centropages_G	yes
Centropagidae_F	no
Centroplasthelida_C	no
Centroplasthelida_X.U.genus_ON	yes
Ceratiaceae_F	no
Ceratiomyxella_G	yes
Ceratium_G	yes
Cercomonadida_O	no
Cercomonadidae.U.genus_ON	yes
Cercomonadidae_F	no
Cercomonadidae_X_ON	yes
Cercomonas_G	yes
Cercopoidea_SF	no
Cercozoa.U.genus_ON	yes
Cercozoa_P	no
Chaetomiaceae_F	no
Chaetonotida_O	no
Chaetonotidae_F	no
Chaetonotus_G	yes
Chaetothyriales_O	no
Chaetothyriomycetidae_sC	no
Chaos_G	yes
Chelicerata_sP	no
Chlamydomonadaceae_F	no
Chlamydomonadales_O	no
Chlamydomonadales_X.U.genus_ON	yes
Chlamydomonas_G	yes
Chlorella_clade_Cl	no
Chlorellaceae_F	no
Chlorellales_O	no
Chlorellales_X.U.genus_ON	yes
Chlorociboria_G	yes
Chlorociboriaceae_F	no
Chloroparva_G	yes
Chlorophyceae.U.genus_ON	yes
Chlorophyceae_C	no
Chlorophyta_P	no
Chlorophyta_X.U.genus_ON	yes
Chloropicaceae_F	no
Chloropicales_O	no
Chloropicon_G	yes
Chloropicophyceae_C	no
Choanocystis_G	yes
Choanoflagellata_C	no
Chordata_P	no
Chromadorea_C	no
Chromadorea_X.U.genus_ON	yes
Chromulinaceae_F	no
Chromulinales_O	no
Chrysaora_G	yes
Chrysophyceae_C	no
Chydoridae_F	no
Chydorus_G	yes
Chytridiales_O	no
Chytridiomycetes_C	no
Chytridiomycota.U.genus_ON	yes
Chytridiomycota_P	no
Chytridiomycota_incertae_sedis_NR	no
Chytriomycetaceae_F	no
Cicadomorpha_iO	no
Ciliophora.U.genus_ON	yes
Ciliophora_P	no
Cintractiaceae_F	no
Cladocera_sO	no
Cladophialophora_G	yes
Clavicaudoides_G	yes
Clupeocephala_NR	no
Cnidaria_P	no
Coccidia_sC	no
Coccidioides_G	yes
Coccoidea_SF	no
Coccomyxa_G	yes
Coccomyxidae_F	no
Coelomomyces_G	yes
Coelomomycetaceae_F	no
Coemansia_G	yes
Colletotrichum_G	yes
Collodaria_O	no
Collophidiidae_F	no
Collophidium_G	yes
Colpodellida_CHR1_X_ON	yes
Colpodellida_Cl	no
Comesomatidae_F	no
Conidae_F	no
Coniophora_G	yes
Coniophoraceae_F	no
Coniophorineae_sO	no
Conoidasida_C	no
Conoidea_SF	no
Conus_G	yes
Copepoda_sC	no
Copromyxa_G	yes
Cordycipitaceae_F	no
Corynespora_G	yes
Corynesporascaceae_F	no
Coscinodiscophyceae_C	no
Craniata_S	no
Craniata_X.U.genus_ON	yes
Craspedida_O	no
Crassostrea_G	yes
Crustacea.U.genus_ON	yes
Crustacea_sP	no
Cryomonadida.U.genus_ON	yes
Cryomonadida_O	no
Cryothecomonas_G	yes
Cryptococcus_G	yes
Cryptodifflugia_G	yes
Cryptodifflugiidae_F	no
Cryptomycota_P	no
Cryptomycota_incertae_sedis_NR	no
Cryptosporidiidae.U.genus_ON	yes
Cryptosporidiidae_F	no
Cryptosporidium13_ON	yes
Cryptosporidium15_ON	yes
Cryptosporidium1_ON	yes
Cryptosporidium4_ON	yes
Cryptosporidium_G	no
Ctenopoda_iO	no
Culex_G	no
Culex_sG	yes
Culicidae_F	no
Culicinae_sF	no
Culicini_T	no
Culicoidea_SF	no
Culicomorpha_iO	no
Culiseta_G	yes
Culisetini_T	no
Cyanidiaceae_F	no
Cyanidiales_O	no
Cyanidioschyzon_G	yes
Cyclopidae_F	no
Cyclopoida_O	no
Cyclops_G	yes
Cyclotrichium_G	yes
Cypriniformes_O	no
Cypriniphysae_SO	no
Cyprinoidei_sO	no
Cystofilobasidiales_O	no
Dacrymycetaceae_F	no
Dacrymycetales_O	no
Dacrymycetes_C	no
Dactyloidae_F	no
Dactylopodida_O	no
Danio_G	yes
Danionidae_F	no
Danioninae_sF	no
Daphnia_G	yes
Daphniidae_F	no
Debaryomyces_G	yes
Debaryomycetaceae_F	no
Dermateaceae_F	no
Desmodorida_O	no
Desmodorina_sO	no
Deuterostomia_Cl	no
Diaphanosoma_G	yes
Diaptomidae_F	no
Dicondylia_Cl	no
Dicranophoridae_F	no
Difflugina_sO	no
Digenea_sC	no
Dikarya_sK	no
Dileptidae_F	no
Dileptidae_X_ON	yes
Dinoflagellata.U.genus_ON	yes
Dinophyceae.U.genus_ON	yes
Dinophyceae_C	no
Diplogasteroidea_SF	no
Diplogasteromorpha_iO	no
Diplomonadida_O	no
Diplophrys_G	yes
Diplostraca_O	no
Dipnotetrapodomorpha_Cl	no
Diptera_O	no
Diptilomiopidae_F	no
Diptilomiopus_G	yes
Discinellaceae_F	no
Discoba_Cl	no
Discosea_P	no
Discosea_X.U.genus_ON	yes
Distigma_G	yes
Distigmidae_F	no
Ditylenchus_G	yes
Dorylaimia_sC	no
Dorylaimida_O	no
Dothideomycetes.U.genus_ON	yes
Dothideomycetes_C	no
Dothideomycetes_X_ON	yes
Dothideomycetes_incertae_sedis_NR	no
Dothideomycetidae_sC	no
Drosophila_G	yes
Dunaliellaceae_F	no
Dusona_group_NR	no
Dysteriida_O	no
Dysteriidae_F	no
Ecdysozoa_Cl	no
Echinamoeba_G	yes
Echinamoebida_C	no
Echinamoebidae_F	no
Ectocarpaceae_F	no
Ectocarpales_O	no
Ectocarpus_G	yes
Edwardsiidae_F	no
Eimeria1_ON	yes
Eimeria_G	no
Eimeriidae_F	no
Eimeriorina_sO	no
Elardia.U.genus_ON	yes
Elardia_C	no
Elliptochloris_clade_Cl	no
Embryophyta_Cl	no
Encentrum_G	yes
Endogenida_O	no
Endomyxa_P	no
Endopterygota_C	no
Endostelium_G	yes
Enoplea_C	no
Enoplia_sC	no
Enoplida_O	no
Ensiculiferaceae_F	no
Entylomatales_O	no
Entylomatales_incertae_sedis_NR	no
Episquamata_Cl	no
Epistylidae_F	no
Eriococcidae_F	no
Eriophyidae_F	no
Eriophyoidea_SF	no
Euamoebida.U.genus_ON	yes
Euamoebida_O	no
Euarchontoglires_SO	no
Eubodonida_O	no
Eucoccidiorida_O	no
Eudiaptomus_G	yes
Euglenaceae_F	no
Euglenales_O	no
Euglenida.U.genus_ON	yes
Euglenida_C	no
Euglenophyceae_sC	no
Euglenozoa.U.genus_ON	yes
Euglenozoa_P	no
Euglyphida_O	no
Eugregarinorida_O	no
Eukaryota.U.genus_ON	yes
Eukaryota_D	no
Eukaryota_incertae_sedis_NR	no
Eumetazoa_Cl	no
Euphyllophyta_Cl	no
Eupodina_Cl	no
Eupodoidea_SF	no
Eurotatoria_C	no
Eurotiales_O	no
Eurotiomycetes.U.genus_ON	yes
Eurotiomycetes_C	no
Eurotiomycetidae_sC	no
Eurytemora_G	yes
Eustigmatales_O	no
Eustigmatophyceae_C	no
Euteleostomi_Cl	no
Eutetramitia_Cl	no
Eutheria_Cl	no
Evaginogenida_O	no
Evaginogenida_X_ON	yes
Evosea_P	no
Exobasidiomycetes_C	no
Exophiala_G	yes
Fabaceae_F	no
Fabales_O	no
Filoreta_G	yes
Flabellinia_C	no
Flabellulidae_F	no
Flamella_G	yes
Flamellidae.U.genus_ON	yes
Flamellidae_F	no
Flectomonas_G	yes
Foraminifera.U.genus_ON	yes
Foraminifera_P	no
Fornicata_P	no
Fractovitellida_O	no
Funariaceae_F	no
Funariales_O	no
Funariidae_sC	no
Fungi.U.genus_ON	yes
Fungi_K	no
Fungi_incertae_sedis_NR	no
Fusarium_G	yes
Fusiforma_G	yes
Gadixcellia_G	yes
Gastropidae_F	no
Gastropoda_C	no
Gastrotricha_P	no
Glires_Cl	no
Glissomonadida.U.genus_ON	yes
Glissomonadida_O	no
Glomeraceae_F	no
Glomerales_O	no
Glomerellaceae_F	no
Glomerellales_O	no
Glomeromycetes_C	no
Glomeromycotina_sP	no
Glutinoconcha_sO	no
Glycine_G	yes
Gnathifera_Cl	no
Gnathostomata_Cl	no
Gonyaulacales_O	no
Granofilosea_Cl	no
Gregarina3_ON	yes
Gregarina_G	no
Gregarinasina_sC	no
Gregarinidae.U.genus_ON	yes
Gregarinidae_F	no
Gromia_G	yes
Gromiida_O	no
Gromiidae_F	no
Guepiniopsis_G	yes
Gunneridae_Cl	no
Gymnoplea_SO	no
Gyropaigne_G	yes
Haemosporida_O	no
Haliphthoraceae_F	no
Halodaphnea_G	yes
Haplopoda_iO	no
Haplorrhini_sO	no
Haptista_Cl	no
Haptoria_sC	no
Haptorida_O	no
Harpellales_O	no
Harpellomycetes_C	no
Hartmannella_G	yes
Hartmannellidae.U.genus_ON	yes
Hartmannellidae_F	no
Hartmannulidae_F	no
Hartmannulidae_X_ON	yes
Helotiales_O	no
Hemimastigophora_P	no
Hemimastix_G	yes
Hemiptera_O	no
Herpotrichiellaceae_F	no
Heterodera_G	yes
Heteroderidae_F	no
Heteroderinae_sF	no
Heterolepidoderma_G	yes
Heterolobosea.U.genus_ON	yes
Heterolobosea_P	no
Hexacorallia_sC	no
Hexamita_G	yes
Hexamitidae.U.genus_ON	yes
Hexamitidae_F	no
Hexamitinae_sF	no
Hexanauplia_C	no
Hexapoda_sP	no
Hominidae_F	no
Homininae_sF	no
Hominoidea_SF	no
Homo_G	yes
Hyaloscypha_G	yes
Hyaloscyphaceae_F	no
Hyalospheniidae_F	no
Hymenoptera_O	no
Hymenostomatida_O	no
Hyphodiscaceae_F	no
Hyphodiscus_G	yes
Hypocreales_O	no
Hypocreomycetidae_sC	no
Ichneumonidae_F	no
Ichneumonoidea_SF	no
Ichthyophthirius_G	yes
Iguania_sO	no
Imbricatea_C	no
Insecta.U.genus_ON	yes
Insecta_C	no
Intramacronucleata_sP	no
Isaria_G	yes
Kickxellaceae_F	no
Kickxellales_O	no
Kickxellomycetes_C	no
Kickxellomycotina_sP	no
Kinetoplastea.U.genus_ON	yes
Kinetoplastea_C	no
Kinetoplastea_XX.U.genus_ON	yes
Korotnevella_G	yes
Labyrinthula_G	yes
Labyrinthulaceae_F	no
Labyrinthulida_O	no
Labyrinthulomycetes.U.genus_ON	yes
Labyrinthulomycetes_sC	no
Lagenidiales_O	no
Lagynidae_F	no
Lamiaceae_F	no
Lamiales_O	no
Lasiopteridi_NR	no
Lecanicillium_G	yes
Lecanorales_O	no
Lecanorineae_sO	no
Lecanoromycetes.U.genus_ON	yes
Lecanoromycetes_C	no
Lecanoromycetidae_sC	no
Lecidea_G	yes
Lecideaceae_F	no
Lecideales_O	no
Legeriomycetaceae_F	no
Leidyana1_ON	yes
Leidyana2_ON	yes
Leidyana_G	no
Leidyanidae_F	no
Leishmaniinae_sF	no
Leohumicola_G	yes
Leotiomycetes.U.genus_ON	yes
Leotiomycetes_C	no
Leotiomycetes_incertae_sedis_NR	no
Lepidosauria_C	no
Leptodora_G	yes
Leptodoridae_F	no
Leptomonas_G	yes
Leptomyxida_O	no
Life_R	no
Liliopsida_Cl	no
Limnofilidae_F	no
Limnofilidae_X_ON	yes
Limulidae_F	no
Limulus_G	yes
Lipomyces_G	yes
Lipomycetaceae_F	no
Lipomycetales_O	no
Lipomycetes_C	no
Lipotrophidae_F	no
Litostomatea_C	no
Lituolida_O	no
Lodderomyces_clade_Cl	no
Loimia_G	yes
Longamoebia_O	no
Lophotrochozoa_Cl	no
Macrosiphini_T	no
Magnoliopsida_C	no
Malassezia_G	yes
Malasseziaceae_F	no
Malasseziales_O	no
Malasseziomycetes_C	no
Malpighiales_O	no
Mamiellales_O	no
Mamiellophyceae_C	no
Mammalia.U.genus_ON	yes
Mammalia_C	no
Mammalia_X_ON	yes
Mandibulata_Cl	no
Marasmiineae_sO	no
Massaria_G	yes
Massariaceae_F	no
Massisteria_G	yes
Massisteriidae_F	no
Mastigamoeba_G	yes
Mastigamoebida.U.genus_ON	yes
Mastigamoebida_O	no
Mastigamoebidae_F	no
Mastigella_G	yes
Mattesia_G	yes
Mayetiola_G	yes
Mentheae_T	no
Merostomata_C	no
Mesangiospermae_Cl	no
Metakinetoplastina_sC	no
Metamonada_Cl	no
Metazoa.U.genus_ON	yes
Metazoa_K	no
Metridia_G	yes
Metridinidae_F	no
Micractinium_G	yes
Microlaimidae_F	no
Microlaimoidea_SF	no
Micronuclearia_G	yes
Microsporidia_P	no
Microsporidia_incertae_sedis_NR	no
Minutisphaerales_O	no
Mitosporidium_G	yes
Mollusca.U.genus_ON	yes
Mollusca_P	no
Monocystidae_F	no
Monocystis_G	yes
Monodopsidaceae_F	no
Monogononta_sC	no
Monoraphidium_G	yes
Monothalamids_Cl	no
Monothalamids_X.U.genus_ON	yes
Mortierella_G	yes
Mortierellaceae_F	no
Mortierellales_O	no
Mortierellomycetes_C	no
Mortierellomycotina_sP	no
Mrakia_G	yes
Mrakiaceae_F	no
Mucorales_O	no
Mucorineae_sO	no
Mucoromycetes_C	no
Mucoromycota_P	no
Mucoromycotina.U.genus_ON	yes
Mucoromycotina_sP	no
Multicrustacea_SC	no
Muridae_F	no
Murinae_sF	no
Muroidea_Cl	no
Mycenaceae_F	no
Mycosphaerellaceae_F	no
Mycosphaerellales_O	no
Myomorpha_sO	no
Myxosporea_sC	no
Myxozoa_C	no
NPAAA_clade_Cl	no
Nannochloropsis_G	yes
Nassellaria.U.genus_ON	yes
Nassellaria_O	no
Naviculales_O	no
Nebulidae_F	no
Nebulidea_C	no
Nebulidia_P	no
Nebulidida_O	no
Nebulomonas_G	yes
Nectriaceae_F	no
Nematocera_sO	no
Nematoda.U.genus_ON	yes
Nematoda_P	no
Nematostelium_G	yes
Nematostella_G	yes
Nemogullmia_G	yes
Neobodo_G	yes
Neobodonida.U.genus_ON	yes
Neobodonida_O	no
Neocallimastigaceae.U.genus_ON	yes
Neocallimastigaceae_F	no
Neocallimastigales_O	no
Neocallimastigomycetes_C	no
Neocallimastix_G	yes
Neocercomonas_G	yes
Neocopepoda_iC	no
Neodiplogasteridae_F	no
Neofabraea_G	yes
Neogastropoda_O	no
Neogregarinorida.U.genus_ON	yes
Neogregarinorida_O	no
Neoptera_iC	no
Neopterygii_sC	no
Neovahlkampfia_G	yes
Neovahlkampfiidae_F	no
Nepetoideae_sF	no
Neurospora_G	yes
Nibbleridae_F	no
Nibbleridea_C	no
Nibbleridia_P	no
Nibbleridida_O	no
Nibbleromonas_G	yes
Nothopodinae_sF	no
Nothopodini_T	no
Notosolenus_G	yes
Nucleariidae_F	no
Nucleariidae_Nuclearia_2_X_ON	yes
Nygolaimidae_F	no
Nygolaimina_sO	no
Nygolaiminae_sF	no
Nygolaimoidea_SF	no
OSLEUM_clade_Cl	no
OUU_clade_Cl	no
Ochrophyta_Cl	no
Octocorallia_sC	no
Oligohymenophorea.U.genus_ON	yes
Oligohymenophorea_C	no
Oligotrophini_T	no
Onygenaceae_F	no
Onygenales_O	no
Oomycota_P	no
Opalinata_O	no
Opalozoa.U.genus_ON	yes
Opalozoa_Cl	no
Ophryoglenina_sO	no
Opisthokonta.U.genus_ON	yes
Opisthokonta_Cl	no
Oribatida_sO	no
Orobanchaceae_F	no
Orobanchaceae_incertae_sedis_NR	no
Oryza_G	yes
Oryzeae_T	no
Oryzinae_sT	no
Oryzoideae_sF	no
Ostariophysi_S	no
Osteoglossocephalai_Cl	no
Ostreida_O	no
Ostreidae_F	no
Ostreococcus_G	yes
Ostreoidea_SF	no
Otomorpha_C	no
Otophysi_Cl	no
Oxytrichidae_F	no
PACMAD_clade_Cl	no
PX_clade_Cl	no
Panagrolaimidae_F	no
Panagrolaimoidea_SF	no
Panagrolaimomorpha_iO	no
Panarthropoda_Cl	no
Pancrustacea_Cl	no
Panellus_G	yes
Panicoideae_sF	no
Papilionoideae_sF	no
Paracalanidae_F	no
Paracalanus_G	yes
Paracercomonas_G	yes
Paradiniida_O	no
Paradinium_G	yes
Parameciidae_F	no
Paramecium_G	yes
Paramicrosporidium_G	yes
Paramoeba_G	yes
Paramoebidae_F	no
Paraneoptera_C	no
Parhypochthoniidae_F	no
Parhypochthonioidea_SF	no
Parhypochthonius_G	yes
Parhyposomata_iO	no
Parmeliaceae_F	no
Paucitubulatina_sO	no
Paulinella_G	yes
Paulinellidae_F	no
Pelagiidae_F	no
Pelagomonadaceae_F	no
Pelagomonadales_O	no
Pelagophyceae_C	no
Pelobiontida.U.genus_ON	yes
Pelobiontida_O	no
Peloderinae_sF	no
Penicillium_G	yes
Peniculida_O	no
Pennatuloidea_SF	no
Pentapetalae_Cl	no
Pentapharsodinium_G	yes
Penthaleidae_F	no
Penthaleus_G	yes
Peridiniaceae_F	no
Peridiniales_O	no
Peritrichia_2.U.genus_ON	yes
Peritrichia_sC	no
Perkinsea_Cl	no
Perkinsida_O	no
Perkinsida_X.U.genus_ON	yes
Perkinsozoa_P	no
Peronosporaceae_F	no
Peronosporales.U.genus_ON	yes
Peronosporales_O	no
Petalomonadida.U.genus_ON	yes
Petalomonadida_O	no
Petalomonas_G	yes
Petrosaviidae_sC	no
Pezizomycotina.U.genus_ON	yes
Pezizomycotina_sP	no
Phaeodactylaceae_F	no
Phaeodactylum_G	yes
Phaeophyceae_C	no
Phaeosphaeria_G	yes
Phaeosphaeriaceae_F	no
Phaseoleae_T	no
Phialophora_G	yes
Philaenus_G	yes
Phryganella_G	yes
Phryganellidae_F	no
Phryganellina.U.genus_ON	yes
Phryganellina_sO	no
Phthiraptera_O	no
Phyllocoptinae_sF	no
Phyllopharyngea.U.genus_ON	yes
Phyllopharyngea_C	no
Phyllopharyngia_sC	no
Phyllopoda_sC	no
Physcomitrella_G	yes
Physochila_G	yes
Phytomonas_G	yes
Phytophthora_G	yes
Pichiomycetes_C	no
Picomonadea_C	no
Picomonadida_O	no
Picomonadidae_F	no
Picomonas_G	yes
Picozoa_P	no
Pipidae_F	no
Pipoidea_SF	no
Piromyces_G	yes
Piroplasmida_O	no
Plagiopyxidae_F	no
Plagiostomidae_F	no
Plagiostomum_G	yes
Plasmodiidae.U.genus_ON	yes
Plasmodiidae_F	no
Plasmodium1_ON	yes
Plasmodium2_ON	yes
Plasmodium4_ON	yes
Plasmodium_G	no
Plasmodium_Plasmodium_sG	no
Platyhelminthes.U.genus_ON	yes
Platyhelminthes_P	no
Plectonchus_G	yes
Pleosporales_O	no
Pleosporineae_sO	no
Pleosporomycetidae_sC	no
Ploima_O	no
Poaceae_F	no
Poales_O	no
Podoplea_SO	no
Podospora_G	yes
Podosporaceae_F	no
Polychaeta_C	no
Polychaos_G	yes
Polychytriales_O	no
Polychytriales_incertae_sedis_NR	no
Polychytrium_G	yes
Polycystinea.U.genus_ON	yes
Polycystinea_C	no
Pontellidae_F	no
Pooideae_sF	no
Populus_G	yes
Primates_O	no
Pristionchus_G	yes
Prodesmodora_G	yes
Prolecithophora_O	no
Prorodontida_O	no
Prostigmata_sO	no
Prostomatea_C	no
Protacanthamoeba_G	yes
Protaspa_G	yes
Protaspidae_F	no
Protostomia_Cl	no
Provora_Cl	no
Psalteriomonadidae_F	no
Psathyrellaceae_F	no
Pseudocolliniidae_F	no
Pseudotrocha_SO	no
Pseudovorticella_G	yes
Psocodea_SO	no
Psora_G	yes
Psoraceae_F	no
Pteriomorphia_Cl	no
Pterocystida_O	no
Pterygota_sC	no
Ptolemeba_G	yes
Pycnora_G	yes
Pycnoraceae_F	no
Pyloniidae_F	no
Pythiaceae_F	no
Pythiales_O	no
Pythium_G	yes
Radiolaria.U.genus_ON	yes
Raphidista_Cl	no
Raphidocelis_G	yes
Rattus_G	yes
Rehmannia_G	yes
Reophacidae_F	no
Reophax_G	yes
Retaria_Cl	no
Rhabditida_O	no
Rhabditidae_F	no
Rhabditina_sO	no
Rhabditoidea_SF	no
Rhabditomorpha_iO	no
Rhabditophora_C	no
Rhabdomonadales_O	no
Rhizaria.U.genus_ON	yes
Rhizaria_Cl	no
Rhizoclosmatium_G	yes
Rhizophagus_G	yes
Rhizophydiales.U.genus_ON	yes
Rhizophydiales_O	no
Rhizophydiales_incertae_sedis_NR	no
Rhizopodaceae_F	no
Rhizopus_G	yes
Rhodophyta_P	no
Rhynchomonadidae_F	no
Rhynchomonas_G	yes
Ricinidae_F	no
Ricinus_G	yes
Rigifila_G	yes
Rigifilida_O	no
Rigifilida_XXXX.U.genus_ON	yes
Ripidomyxa_G	yes
Rodentia_O	no
Rotifera_P	no
Rotifera_XX.U.genus_ON	yes
Rotosphaerida_O	no
Russula_G	yes
Russulaceae_F	no
Russulales_O	no
Sabatieria_G	yes
Saccamoeba_G	yes
Saccharomyces_G	yes
Saccharomycetaceae_F	no
Saccharomycetales.U.genus_ON	yes
Saccharomycetales_O	no
Saccharomycetes_C	no
Saccharomycotina.U.genus_ON	yes
Saccharomycotina_sP	no
Salicaceae_F	no
Saliceae_T	no
Salpingoecidae_F	no
Salpingoecidae_Group_C1_X_ON	yes
Sandona_G	yes
Sandonidae_F	no
Saprolegnia_G	yes
Saprolegniaceae_F	no
Saprolegniales_O	no
Sar_Cl	no
Sarcocystidae_F	no
Sarcocystis10_ON	yes
Sarcocystis_G	no
Sarcopterygii_SC	no
Sarcoptiformes_O	no
Sauria_Cl	no
Sauropsida_Cl	no
Sawyeria_G	yes
Schistosoma_G	yes
Schistosomatidae_F	no
Schistosomatoidea_SF	no
Schizoplasmodiidae.U.genus_ON	yes
Schizoplasmodiidae_F	no
Schizoplasmodium_G	yes
Schizosaccharomyces_G	yes
Schizosaccharomycetaceae_F	no
Schizosaccharomycetales_O	no
Schizosaccharomycetes_C	no
Sciaroidea_SF	no
Scleralcyonacea_O	no
Scrippsiella_G	yes
Scyphozoa_C	no
Scytomonadidae.U.genus_ON	yes
Scytomonadidae_F	no
Scytomonas_G	yes
Sedentaria_sC	no
Selenastraceae_F	no
Semaeostomeae_O	no
Separata_Cl	no
Serinales_O	no
Sessilida.U.genus_ON	yes
Sessilida_O	no
Sididae_F	no
Sigmoideomycetaceae_F	no
Silicofilosea_Cl	no
Simiiformes_iO	no
Simocephalus_G	yes
Skeletonema_G	yes
Skeletonemataceae_F	no
Smittium_G	yes
Sordariaceae_F	no
Sordariales_O	no
Sordariomycetes.U.genus_ON	yes
Sordariomycetes_C	no
Sordariomycetidae_sC	no
Sorghinae_sT	no
Sorghum_G	no
Sorghum_bicolor_S	yes
Spadicoides_G	yes
Spermatophyta_Cl	no
Spermatozopsis_G	yes
Sphaeropleales.U.genus_ON	yes
Sphaeropleales_O	no
Sphaerozoidae_F	no
Sphaerozoum_G	yes
Sphaerularioidea_SF	no
Spinibdella_G	yes
Spiralia_Cl	no
Spirocuta_Cl	no
Spironemidae_F	no
Spirotrichea_C	no
Spizellomyces_G	yes
Spizellomycetaceae_F	no
Spizellomycetales_O	no
Sporadotrichida_O	no
Spumella_G	yes
Spumellaria_O	no
Squamata_O	no
Sternorrhyncha_sO	no
Stichotrichia_sC	no
Stipodae_NR	no
Stramenopiles.U.genus_ON	yes
Stramenopiles_Cl	no
Streptophyta_P	no
Streptophytina_sP	no
Strigeidida_O	no
Strigomonadinae_sF	no
Strigomonas_G	yes
Stylocephalidae_F	no
Stylonychia_G	yes
Stylonychinae_sF	no
Suctoria.U.genus_ON	yes
Suctoria_sC	no
Surapoda_G	yes
Taphrina_G	yes
Taphrinaceae_F	no
Taphrinales_O	no
Taphrinomycetes_C	no
Taphrinomycotina.U.genus_ON	yes
Taphrinomycotina_sP	no
Teleostei_iC	no
Teleostomi_Cl	no
Temoridae_F	no
Teratosphaeria_G	yes
Teratosphaeriaceae_F	no
Terebellida_O	no
Terebellidae_F	no
Terebelliformia_sO	no
Tetrachaetum_G	yes
Tetramitia_Cl	no
Tetramitia_I.U.genus_ON	yes
Tetrapoda_Cl	no
Thalassiosira_G	yes
Thalassiosiraceae_F	no
Thalassiosirales.U.genus_ON	yes
Thalassiosirales_O	no
Thalassiosirophycidae_sC	no
Thamnocephalis_G	yes
Thaumatomastigidae_F	no
Thaumatomonadida.U.genus_ON	yes
Thaumatomonadida_O	no
Thaumatomonas_G	yes
Thecofilosea_C	no
Theileria1_ON	yes
Theileria_G	no
Theileriidae_F	no
Theria_Cl	no
Tholomura_G	yes
Tilletiopsis_G	yes
Tobrilidae_F	no
Tobrilina_sO	no
Tobriloidea_SF	no
Tobrilus_G	yes
Tokophrya_G	yes
Tokophryidae_F	no
Toxicofera_Cl	no
Trachelomonas_G	yes
Tracheophyta_Cl	no
Trebouxiophyceae_C	no
Trebouxiophyceae_incertae_sedis_NR	no
Trematoda_C	no
Tremellomycetes.U.genus_ON	yes
Tremellomycetes_C	no
Tremellomycetes_X_ON	yes
Trepomonas_G	yes
Trichocladium_G	yes
Trichosporon_G	yes
Trichosporonaceae_F	no
Trichosporonales_O	no
Trimitus_G	yes
Triplonchida_O	no
Tripsacinae_sT	no
Trochilia_G	yes
Trombidiformes_O	no
Trypanosoma_G	yes
Trypanosomatida_O	no
Trypanosomatidae_F	no
Tubulinea.U.genus_ON	yes
Tubulinea_P	no
Tubulinea_X.U.genus_ON	yes
Tubulinida_Cl	no
Tubulinida_incertae_sedis_NR	no
Tuckermannopsis_G	yes
Turbellaria.U.genus_ON	yes
Turbellaria_C	no
Tylenchina_sO	no
Tylenchoidea_SF	no
Tylenchomorpha_iO	no
Ubysseya_G	yes
Ulva_G	yes
Ulvaceae_F	no
Ulvales_O	no
Ulvophyceae_C	no
Unidentata_Cl	no
Urotricha_G	yes
Urotrichidae_F	no
Ustanciosporium_G	yes
Ustilaginales_O	no
Ustilaginomycetes_C	no
Ustilaginomycotina.U.genus_ON	yes
Ustilaginomycotina_sP	no
Vampyrella_G	yes
Vampyrellida.U.genus_ON	yes
Vampyrellida_O	no
Vampyrellidae_F	no
Vannella_G	yes
Vannellidae_F	no
Variisporina_sO	no
Variosea_C	no
Ventricleftida_O	no
Ventrifissura_G	yes
Ventrifissuridae_F	no
Venturia_G	yes
Vertebrata_Cl	no
Viridiplantae_K	no
Vorticella_G	yes
Vorticellidae_F	no
Xcellidae_F	no
Xenopodinae_sF	no
Xenopus_G	no
Xenopus_sG	yes
Xenospadicoidaceae_F	no
Xenospadicoidales_O	no
Xiphocephalus_G	yes
Xiphosura_O	no
Zea_G	yes
Zoopagales_O	no
Zoopagomycetes_C	no
Zoopagomycota.U.genus_ON	yes
Zoopagomycota_P	no
Zoopagomycota_XX.U.genus_ON	yes
Zoopagomycotina_sP	no
Zymoseptoria_G	yes
asterids_Cl	no
cellular_organisms_R	no
commelinids_Cl	no
core_chlorophytes_Cl	no
dothideomyceta_Cl	no
eudicotyledons_Cl	no
fabids_Cl	no
lamiids_Cl	no
leotiomyceta_Cl	no
malvids_Cl	no
millettioid_clade_Cl	no
rosids_Cl	no
saccharomyceta_Cl	no
sordariomyceta_Cl	no
